Rk,Wk,Date,Time,Day,Winner/Tie,Pts,,Loser/Tie,Pts,TV,Notes,
1,1,Aug 27 2014,7:00 PM,Wed,Georgia State,38,,Abilene Christian,37,ESPN U,,
2,1,Aug 28 2014,7:00 PM,Thu,Akron,41,,Howard,0,ESPN3.com,,
3,1,Aug 28 2014,10:30 PM,Thu,(19) Arizona State,45,,Weber State,14,Pac-12 Network,,
4,1,Aug 28 2014,7:00 PM,Thu,Central Michigan,20,,Chattanooga,16,ESPN3.com,,
5,1,Aug 28 2014,7:02 PM,Thu,Louisiana-Monroe,17,,Wake Forest,10,ESPN U,,
6,1,Aug 28 2014,7:00 PM,Thu,Minnesota,42,,Eastern Illinois,20,Big Ten Network,,
7,1,Aug 28 2014,8:00 PM,Thu,(18) Mississippi,35,,Boise State,13,ESPN,Georgia Dome - Atlanta GA,
8,1,Aug 28 2014,8:00 PM,Thu,New Mexico State,28,,Cal Poly,10,ESPN3.com,,
9,1,Aug 28 2014,7:00 PM,Thu,Northern Illinois,55,,Presbyterian,3,ESPN3.com,,
10,1,Aug 28 2014,10:00 PM,Thu,Rutgers,41,,Washington State,38,FS1,CenturyLink Field - Seattle WA,
11,1,Aug 28 2014,10:00 PM,Thu,San Jose State,42,,North Dakota,10,ESPN3.com,,
12,1,Aug 28 2014,10:50 PM,Thu,Temple,37,@,Vanderbilt,7,SEC Network,,
13,1,Aug 28 2014,6:00 PM,Thu,(21) Texas A&M,52,@,(9) South Carolina,28,SEC Network,,
14,1,Aug 28 2014,8:00 PM,Thu,Tulsa,38,,Tulane,31,CBSSN,,
15,1,Aug 28 2014,7:30 PM,Thu,Utah,56,,Idaho State,14,Pac-12 Network,,
16,1,Aug 29 2014,10:30 PM,Fri,Arizona,58,,Nevada-Las Vegas,13,ESPN,,
17,1,Aug 29 2014,7:00 PM,Fri,Brigham Young,35,@,Connecticut,10,ESPN,,
18,1,Aug 29 2014,9:00 PM,Fri,Colorado State,31,,Colorado,17,FS1,Sports Authority Field at Mile High Stadium - Denver CO,
19,1,Aug 29 2014,7:30 PM,Fri,(8) Michigan State,45,,Jacksonville State,7,Big Ten Network,,
20,1,Aug 29 2014,7:30 PM,Fri,Syracuse,27,,Villanova,26,ESPN3.com,,
21,1,Aug 29 2014,9:00 PM,Fri,Texas-San Antonio,27,@,Houston,7,ESPN U,,
22,1,Aug 29 2014,7:30 PM,Fri,Western Kentucky,59,,Bowling Green State,31,CBSSN,,
23,1,Aug 30 2014,2:00 PM,Sat,Air Force,44,,Nicholls State,16,ESPN3.com,,
24,1,Aug 30 2014,3:30 PM,Sat,(2) Alabama,33,,West Virginia,23,ESPN 2,Georgia Dome - Atlanta GA,
25,1,Aug 30 2014,12:00 PM,Sat,Alabama-Birmingham,48,,Troy,10,FCS,,
26,1,Aug 30 2014,7:00 PM,Sat,Arkansas State,37,,Montana State,10,ESPN3.com,,
27,1,Aug 30 2014,4:00 PM,Sat,(6) Auburn,45,,Arkansas,21,SEC Network,,
28,1,Aug 30 2014,2:00 PM,Sat,Ball State,30,,Colgate,10,ESPN3.com,,
29,1,Aug 30 2014,7:00 PM,Sat,Bethune-Cookman,14,@,Florida International,12,American Sports Net,,
30,1,Aug 30 2014,3:00 PM,Sat,Boston College,30,,Massachusetts,7,ESPN3.com,Gillette Stadium - Foxborough MA,
31,1,Aug 30 2014,3:30 PM,Sat,Buffalo,38,,Duquesne,28,ESPN3.com,,
32,1,Aug 30 2014,3:30 PM,Sat,California,31,@,Northwestern,24,ABC (ESPN 2 mirror),,
33,1,Aug 30 2014,6:00 PM,Sat,Duke,52,,Elon,13,ESPN3.com,,
34,1,Aug 30 2014,8:00 PM,Sat,East Carolina,52,,North Carolina Central,7,ESPNews,,
35,1,Aug 30 2014,6:00 PM,Sat,Eastern Michigan,31,,Morgan State,28,ESPN3.com,,
36,1,Aug 30 2014,8:00 PM,Sat,(1) Florida State,37,,Oklahoma State,31,ABC,AT&T Stadium - Arlington TX,
37,1,Aug 30 2014,5:30 PM,Sat,(12) Georgia,45,,(16) Clemson,21,ESPN,,
38,1,Aug 30 2014,12:30 PM,Sat,Georgia Tech,38,,Wofford,19,RSN ESPN3.com,,
39,1,Aug 30 2014,9:50 PM,Sat,Idaho,,@,Florida,,ESPN U,Postponed,
40,1,Aug 30 2014,12:00 PM,Sat,Illinois,28,,Youngstown State,17,Big Ten Network,,
41,1,Aug 30 2014,12:00 PM,Sat,Indiana,28,,Indiana State,10,ESPNews,,
42,1,Aug 30 2014,12:00 PM,Sat,Iowa,31,,Northern Iowa,23,Big Ten Network,,
43,1,Aug 30 2014,7:10 PM,Sat,(20) Kansas State,55,,Stephen F. Austin,16,K-StateHD.tv,,
44,1,Aug 30 2014,12:00 PM,Sat,Kentucky,59,,Tennessee-Martin,14,SEC Network,,
45,1,Aug 30 2014,9:15 PM,Sat,(13) Louisiana State,28,,(14) Wisconsin,24,ESPN,NRG Stadium - Houston TX,
46,1,Aug 30 2014,7:00 PM,Sat,Louisiana-Lafayette,45,,Southern,6,ESPN3.com,,
47,1,Aug 30 2014,3:30 PM,Sat,Marshall,42,@,Miami (OH),27,ESPN3.com,,
48,1,Aug 30 2014,3:30 PM,Sat,Maryland,52,,James Madison,7,Big Ten Network,,
49,1,Aug 30 2014,7:00 PM,Sat,Memphis,63,,Austin Peay,0,ESPN3.com,,
50,1,Aug 30 2014,12:00 PM,Sat,Michigan,52,,Appalachian State,14,ESPN 2,,
51,1,Aug 30 2014,7:00 PM,Sat,Middle Tennessee State,61,,Savannah State,7,,,
52,1,Aug 30 2014,7:30 PM,Sat,Mississippi State,49,,Southern Mississippi,0,SEC Network,,
53,1,Aug 30 2014,3:30 PM,Sat,(24) Missouri,38,,South Dakota State,18,ESPN U,,
54,1,Aug 30 2014,3:30 PM,Sat,(22) Nebraska,55,,Florida Atlantic,7,Big Ten Network,,
55,1,Aug 30 2014,3:00 PM,Sat,Nevada,28,,Southern Utah,19,,,
56,1,Aug 30 2014,6:00 PM,Sat,(23) North Carolina,56,,Liberty,29,ESPN3.com,,
57,1,Aug 30 2014,12:30 PM,Sat,North Carolina State,24,,Georgia Southern,23,ACC Network ESPN3.com,,
58,1,Aug 30 2014,12:00 PM,Sat,North Dakota State,34,@,Iowa State,14,FS1,,
59,1,Aug 30 2014,3:30 PM,Sat,(17) Notre Dame,48,,Rice,17,NBC,,
60,1,Aug 30 2014,6:00 PM,Sat,Ohio,17,@,Kent State,14,ESPN3.com,,
61,1,Aug 30 2014,12:00 PM,Sat,(5) Ohio State,34,,Navy,17,CBSSN,M&T Bank Stadium - Baltimore MD,
62,1,Aug 30 2014,7:00 PM,Sat,(4) Oklahoma,48,,Louisiana Tech,16,FSN-OK (PPV),,
63,1,Aug 30 2014,3:30 PM,Sat,Old Dominion,41,,Hampton,28,American Sports Network,,
64,1,Aug 30 2014,10:30 PM,Sat,(3) Oregon,62,,South Dakota,13,Pac-12 Network,,
65,1,Aug 30 2014,4:00 PM,Sat,Oregon State,29,,Portland State,14,Pac-12 Network,,
66,1,Aug 30 2014,8:30 AM,Sat,Penn State,26,,Central Florida,24,ESPN 2,Croke Park Stadium - Dublin Ireland,
67,1,Aug 30 2014,12:00 PM,Sat,Pittsburgh,62,,Delaware,0,ESPN3.com,,
68,1,Aug 30 2014,12:00 PM,Sat,Purdue,43,,Western Michigan,34,ESPN U,,
69,1,Aug 30 2014,7:00 PM,Sat,San Diego State,38,,Northern Arizona,7,CBSSN,,
70,1,Aug 30 2014,7:00 PM,Sat,South Florida,36,,Western Carolina,31,ESPN3.com,,
71,1,Aug 30 2014,7:30 PM,Sat,(15) Southern California,52,,Fresno State,13,FOX,,
72,1,Aug 30 2014,4:00 PM,Sat,(11) Stanford,45,,California-Davis,0,Pac-12 Network,,
73,1,Aug 30 2014,8:00 PM,Sat,Texas,38,,North Texas,7,Longhorn Network,,
74,1,Aug 30 2014,7:00 PM,Sat,Texas Christian,48,,Samford,14,FSN,,
75,1,Aug 30 2014,7:00 PM,Sat,Texas State,65,,Arkansas-Pine Bluff,0,ESPN3.com,,
76,1,Aug 30 2014,7:00 PM,Sat,Texas Tech,42,,Central Arkansas,35,FSN,,
77,1,Aug 30 2014,8:00 PM,Sat,Texas-El Paso,31,@,New Mexico,24,Mountain West Network,,
78,1,Aug 30 2014,7:00 PM,Sat,Toledo,54,,New Hampshire,20,ESPN3.com,,
79,1,Aug 30 2014,12:00 PM,Sat,(7) UCLA,28,@,Virginia,20,ESPN,,
80,1,Aug 30 2014,4:00 PM,Sat,Virginia Tech,34,,William & Mary,9,ESPNews,,
81,1,Aug 30 2014,10:30 PM,Sat,(25) Washington,17,@,Hawaii,16,CBSSN,,
82,1,Aug 30 2014,4:00 PM,Sat,Wyoming,17,,Montana,12,ROOT Sports,,
83,1,Aug 31 2014,7:30 PM,Sun,(10) Baylor,45,,Southern Methodist,0,FS1,,
84,1,Aug 31 2014,7:00 PM,Sun,Tennessee,38,,Utah State,7,SEC Network,,
85,1,Sep 1 2014,8:00 PM,Mon,(25) Louisville,31,,Miami (FL),13,ESPN,,
Rk,Wk,Date,Time,Day,Winner/Tie,Pts,,Loser/Tie,Pts,TV,Notes,
86,2,Sep 4 2014,8:00 PM,Thu,Arizona,26,@,Texas-San Antonio,23,FS1,,
87,2,Sep 5 2014,10:30 PM,Fri,Nevada,24,,Washington State,13,ESPN,,
88,2,Sep 5 2014,7:00 PM,Fri,Pittsburgh,30,@,Boston College,20,ESPN,,
89,2,Sep 6 2014,12:00 PM,Sat,(2) Alabama,41,,Florida Atlantic,0,SEC Network,,
90,2,Sep 6 2014,6:00 PM,Sat,Appalachian State,66,,Campbell,0,ESPN3.com,,
91,2,Sep 6 2014,7:00 PM,Sat,(17) Arizona State,58,@,New Mexico,23,CBSSN,,
92,2,Sep 6 2014,4:00 PM,Sat,Arkansas,73,,Nicholls State,7,SEC Network,,
93,2,Sep 6 2014,12:00 PM,Sat,Army,47,,Buffalo,39,CBSSN,,
94,2,Sep 6 2014,7:00 PM,Sat,(5) Auburn,59,,San Jose State,13,ESPN 2,,
95,2,Sep 6 2014,7:45 PM,Sat,(10) Baylor,70,,Northwestern State,6,FSN MSG,,
96,2,Sep 6 2014,10:15 PM,Sat,Boise State,37,,Colorado State,24,ESPN 2,,
97,2,Sep 6 2014,3:30 PM,Sat,Bowling Green State,48,,Virginia Military Institute,7,ESPN3.com,,
98,2,Sep 6 2014,7:30 PM,Sat,Brigham Young,41,@,Texas,7,FS1,,
99,2,Sep 6 2014,3:00 PM,Sat,California,55,,Sacramento State,14,Pac-12 Network,,
100,2,Sep 6 2014,12:00 PM,Sat,Central Michigan,38,@,Purdue,17,ESPNews,,
101,2,Sep 6 2014,12:30 PM,Sat,(23) Clemson,73,,South Carolina State,7,ACC Network ESPN3.com,,
102,2,Sep 6 2014,3:00 PM,Sat,Colorado,41,,Massachusetts,38,ESPN3.com,Gillette Stadium - Foxborough MA,
103,2,Sep 6 2014,12:00 PM,Sat,Connecticut,19,,Stony Brook,16,SNY,,
104,2,Sep 6 2014,7:00 PM,Sat,Duke,34,@,Troy,17,ESPN3.com,,
105,2,Sep 6 2014,3:30 PM,Sat,Eastern Kentucky,17,@,Miami (OH),10,ESPN3.com,,
106,2,Sep 6 2014,4:00 PM,Sat,Florida,65,,Eastern Michigan,0,SEC Network,,
107,2,Sep 6 2014,6:00 PM,Sat,Florida International,34,,Wagner,3,,,
108,2,Sep 6 2014,7:30 PM,Sat,(1) Florida State,37,,Citadel,12,RSN ESPN3.com MSG+,,
109,2,Sep 6 2014,6:00 PM,Sat,Georgia Southern,83,,Savannah State,9,ESPN3.com,,
110,2,Sep 6 2014,4:00 PM,Sat,Georgia Tech,38,@,Tulane,21,ESPNews,,
111,2,Sep 6 2014,8:00 PM,Sat,Houston,47,,Grambling State,0,ESPN3.com,,
112,2,Sep 6 2014,12:00 PM,Sat,Illinois,42,,Western Kentucky,34,Big Ten Network,,
113,2,Sep 6 2014,3:30 PM,Sat,Iowa,17,,Ball State,13,ESPN 2,,
114,2,Sep 6 2014,7:00 PM,Sat,Kansas,34,,Southeast Missouri State,28,JTV,,
115,2,Sep 6 2014,12:00 PM,Sat,(20) Kansas State,32,@,Iowa State,28,FS1,,
116,2,Sep 6 2014,3:30 PM,Sat,Kentucky,20,,Ohio,3,ESPN U,,
117,2,Sep 6 2014,7:30 PM,Sat,(12) Louisiana State,56,,Sam Houston State,0,SEC Network,,
118,2,Sep 6 2014,7:00 PM,Sat,Louisiana Tech,48,@,Louisiana-Lafayette,20,ESPN3.com,,
119,2,Sep 6 2014,7:00 PM,Sat,Louisiana-Monroe,38,,Idaho,31,ESPN3.com,,
120,2,Sep 6 2014,7:00 PM,Sat,(25) Louisville,66,,Murray State,21,ESPN3.com,,
121,2,Sep 6 2014,7:30 PM,Sat,Marshall,48,,Rhode Island,7,WCHS,,
122,2,Sep 6 2014,3:30 PM,Sat,Maryland,24,@,South Florida,17,CBSSN,,
123,2,Sep 6 2014,7:00 PM,Sat,Miami (FL),41,,Florida A&M,7,ESPN3.com,,
124,2,Sep 6 2014,3:30 PM,Sat,Minnesota,35,,Middle Tennessee State,24,Big Ten Network,,
125,2,Sep 6 2014,4:30 PM,Sat,(15) Mississippi,41,,Vanderbilt,3,ESPN,LP Field - Nashville TN,
126,2,Sep 6 2014,2:00 PM,Sat,Mississippi State,47,,Alabama-Birmingham,34,FSN,,
127,2,Sep 6 2014,12:00 PM,Sat,(24) Missouri,49,@,Toledo,24,ESPN,,
128,2,Sep 6 2014,1:00 PM,Sat,Navy,31,@,Temple,24,ESPN3.com,,
129,2,Sep 6 2014,12:00 PM,Sat,(19) Nebraska,31,,McNeese State,24,ESPN U,,
130,2,Sep 6 2014,10:00 PM,Sat,Nevada-Las Vegas,13,,Northern Colorado,12,,,
131,2,Sep 6 2014,2:00 PM,Sat,New Mexico State,34,@,Georgia State,31,ESPN3.com,,
132,2,Sep 6 2014,8:00 PM,Sat,(21) North Carolina,31,,San Diego State,27,ESPNews,,
133,2,Sep 6 2014,6:00 PM,Sat,North Carolina State,46,,Old Dominion,34,ESPN3.com,,
134,2,Sep 6 2014,12:00 PM,Sat,North Texas,43,,Southern Methodist,6,FSN MSG+,,
135,2,Sep 6 2014,3:30 PM,Sat,Northern Illinois,23,@,Northwestern,15,Big Ten Network,,
136,2,Sep 6 2014,7:30 PM,Sat,(16) Notre Dame,31,,Michigan,0,NBC,,
137,2,Sep 6 2014,12:00 PM,Sat,(4) Oklahoma,52,@,Tulsa,7,ABC,,
138,2,Sep 6 2014,3:30 PM,Sat,Oklahoma State,40,,Missouri State,23,FSN MSG+,,
139,2,Sep 6 2014,6:30 PM,Sat,(3) Oregon,46,,(7) Michigan State,27,FOX,,
140,2,Sep 6 2014,10:30 PM,Sat,Oregon State,38,@,Hawaii,30,CBSSN,,
141,2,Sep 6 2014,12:00 PM,Sat,Penn State,21,,Akron,3,ABC,,
142,2,Sep 6 2014,12:00 PM,Sat,Rutgers,38,,Howard,25,Big Ten Network,,
143,2,Sep 6 2014,2:00 PM,Sat,South Alabama,23,@,Kent State,13,ESPN3.com,,
144,2,Sep 6 2014,7:00 PM,Sat,(21) South Carolina,33,,East Carolina,23,ESPN U,,
145,2,Sep 6 2014,3:30 PM,Sat,(14) Southern California,13,@,(13) Stanford,10,ABC,,
146,2,Sep 6 2014,7:00 PM,Sat,Southern Mississippi,26,,Alcorn State,20,,,
147,2,Sep 6 2014,12:00 PM,Sat,Tennessee,34,,Arkansas State,19,SEC Network,,
148,2,Sep 6 2014,9:40 PM,Sat,(9) Texas A&M,73,,Lamar,3,SEC Network,,
149,2,Sep 6 2014,11:00 PM,Sat,Texas Tech,30,@,Texas-El Paso,26,FS1,,
150,2,Sep 6 2014,10:00 PM,Sat,(11) UCLA,42,,Memphis,35,Pac-12 Network,,
151,2,Sep 6 2014,3:00 PM,Sat,Utah,59,,Fresno State,27,Pac-12 Network,,
152,2,Sep 6 2014,8:00 PM,Sat,Utah State,40,,Idaho State,20,Mountain West Network,,
153,2,Sep 6 2014,3:30 PM,Sat,Virginia,45,,Richmond,13,ESPN3.com,,
154,2,Sep 6 2014,8:00 PM,Sat,Virginia Tech,35,@,(8) Ohio State,21,ESPN,,
155,2,Sep 6 2014,6:30 PM,Sat,Wake Forest,23,,Gardner-Webb,7,ESPN3.com,,
156,2,Sep 6 2014,3:00 PM,Sat,Washington,59,,Eastern Washington,52,Pac-12 Network,,
157,2,Sep 6 2014,7:30 PM,Sat,West Virginia,54,,Towson,0,ROOT-PIT,,
158,2,Sep 6 2014,12:00 PM,Sat,(18) Wisconsin,37,,Western Illinois,3,Big Ten Network,,
159,2,Sep 6 2014,10:15 PM,Sat,Wyoming,17,,Air Force,13,ESPN U,,
Rk,Wk,Date,Time,Day,Winner/Tie,Pts,,Loser/Tie,Pts,TV,Notes,
160,3,Sep 11 2014,9:00 PM,Thu,(25) Brigham Young,33,,Houston,25,ESPN,,
161,3,Sep 11 2014,8:00 PM,Thu,Louisiana Tech,42,@,North Texas,21,CBSSN,,
162,3,Sep 12 2014,8:00 PM,Fri,(8) Baylor,63,@,Buffalo,21,ESPN,,
163,3,Sep 12 2014,7:00 PM,Fri,Cincinnati,58,,Toledo,34,ESPN U,,
164,3,Sep 13 2014,7:00 PM,Sat,Abilene Christian,38,@,Troy,35,ESPN3.com,,
165,3,Sep 13 2014,2:00 PM,Sat,Air Force,48,@,Georgia State,38,ESPN3.com,,
166,3,Sep 13 2014,6:00 PM,Sat,(3) Alabama,52,,Southern Mississippi,12,ESPN 2,,
167,3,Sep 13 2014,3:30 PM,Sat,Alabama-Birmingham,41,,Alabama A&M,14,American Sports Network,,
168,3,Sep 13 2014,11:00 PM,Sat,Arizona,35,,Nevada,28,Pac-12 Network,,
169,3,Sep 13 2014,10:00 PM,Sat,(16) Arizona State,38,@,Colorado,24,ESPN U,,
170,3,Sep 13 2014,3:30 PM,Sat,Arkansas,49,@,Texas Tech,28,ABC,,
171,3,Sep 13 2014,12:00 PM,Sat,Boise State,38,@,Connecticut,21,ESPN 2,,
172,3,Sep 13 2014,8:00 PM,Sat,Boston College,37,,(9) Southern California,31,ESPN,,
173,3,Sep 13 2014,12:00 PM,Sat,Bowling Green State,45,,Indiana,42,ESPN U,,
174,3,Sep 13 2014,3:00 PM,Sat,Colorado State,49,,California-Davis,21,FS1,,
175,3,Sep 13 2014,3:30 PM,Sat,Duke,41,,Kansas,3,RSN,,
176,3,Sep 13 2014,12:00 PM,Sat,East Carolina,28,@,(17) Virginia Tech,21,ESPN,,
177,3,Sep 13 2014,7:30 PM,Sat,Florida,36,,Kentucky,30,SEC Network,,
178,3,Sep 13 2014,7:00 PM,Sat,Florida Atlantic,50,,Tulsa,21,FCS,,
179,3,Sep 13 2014,12:00 PM,Sat,Georgia Tech,42,,Georgia Southern,38,RSN ESPN3.com,,
180,3,Sep 13 2014,11:59 PM,Sat,Hawaii,27,,Northern Iowa,24,Oceanic Pay-per-view,,
181,3,Sep 13 2014,3:00 PM,Sat,Indiana State,27,@,Ball State,20,ESPN3.com,,
182,3,Sep 13 2014,3:30 PM,Sat,Iowa State,20,@,Iowa,17,ESPN,,
183,3,Sep 13 2014,7:00 PM,Sat,(10) Louisiana State,31,,Louisiana-Monroe,0,ESPN U,,
184,3,Sep 13 2014,12:00 PM,Sat,Marshall,44,,Ohio,14,CBSSN,,
185,3,Sep 13 2014,3:30 PM,Sat,Miami (FL),41,,Arkansas State,20,ESPN U,,
186,3,Sep 13 2014,3:30 PM,Sat,Michigan,34,,Miami (OH),10,Big Ten Network,,
187,3,Sep 13 2014,7:00 PM,Sat,Middle Tennessee State,50,,Western Kentucky,47,MyTV30,,
188,3,Sep 13 2014,4:00 PM,Sat,(14) Mississippi,56,,Louisiana-Lafayette,15,SEC Network,,
189,3,Sep 13 2014,4:00 PM,Sat,Mississippi State,35,@,South Alabama,3,ESPNews,,
190,3,Sep 13 2014,12:00 PM,Sat,(20) Missouri,38,,Central Florida,10,SEC Network,,
191,3,Sep 13 2014,8:00 PM,Sat,Navy,35,@,Texas State,21,ESPNews,,
192,3,Sep 13 2014,10:30 PM,Sat,Nebraska,55,@,Fresno State,19,CBSSN,,
193,3,Sep 13 2014,3:30 PM,Sat,North Carolina State,49,@,South Florida,17,CBSSN,,
194,3,Sep 13 2014,7:00 PM,Sat,Northern Illinois,48,@,Nevada-Las Vegas,34,Mountain West Network,,
195,3,Sep 13 2014,7:30 PM,Sat,(11) Notre Dame,30,,Purdue,14,NBC,Lucas Oil Stadium - Indianapolis IN,
196,3,Sep 13 2014,12:00 PM,Sat,(22) Ohio State,66,,Kent State,0,ABC (ESPN 2 mirror),,
197,3,Sep 13 2014,8:00 PM,Sat,(4) Oklahoma,34,,Tennessee,10,ABC,,
198,3,Sep 13 2014,7:00 PM,Sat,Oklahoma State,43,,Texas-San Antonio,13,FSN,,
199,3,Sep 13 2014,6:00 PM,Sat,Old Dominion,17,,Eastern Michigan,3,Cox 110,,
200,3,Sep 13 2014,2:00 PM,Sat,(2) Oregon,48,,Wyoming,14,Pac-12 Network,,
201,3,Sep 13 2014,8:00 PM,Sat,Penn State,13,@,Rutgers,10,Big Ten Network,,
202,3,Sep 13 2014,12:00 PM,Sat,Pittsburgh,42,@,Florida International,25,FS1,,
203,3,Sep 13 2014,3:30 PM,Sat,(24) South Carolina,38,,(6) Georgia,35,CBS,,
204,3,Sep 13 2014,5:00 PM,Sat,(15) Stanford,35,,Army,0,Pac-12 Network,,
205,3,Sep 13 2014,12:00 PM,Sat,Syracuse,40,@,Central Michigan,3,ESPNews,,
206,3,Sep 13 2014,9:00 PM,Sat,(7) Texas A&M,38,,Rice,10,ESPN 2,,
207,3,Sep 13 2014,4:00 PM,Sat,Texas Christian,30,,Minnesota,7,FS1,,
208,3,Sep 13 2014,8:00 PM,Sat,Texas-El Paso,42,,New Mexico State,24,Sinclair,,
209,3,Sep 13 2014,8:00 PM,Sat,Tulane,35,,Southeastern Louisiana,20,ESPN3.com,,
210,3,Sep 13 2014,8:00 PM,Sat,(12) UCLA,20,,Texas,17,FOX,AT&T Stadium - Arlington TX,
211,3,Sep 13 2014,7:00 PM,Sat,Utah State,36,,Wake Forest,24,CBSSN,,
212,3,Sep 13 2014,12:00 PM,Sat,Vanderbilt,34,,Massachusetts,31,FSN,,
213,3,Sep 13 2014,12:30 PM,Sat,Virginia,23,,(21) Louisville,21,ACC Network ESPN3.com,,
214,3,Sep 13 2014,4:00 PM,Sat,Washington,44,,Illinois,19,FOX,,
215,3,Sep 13 2014,8:00 PM,Sat,Washington State,59,,Portland State,21,Pac-12 Network,,
216,3,Sep 13 2014,12:00 PM,Sat,West Virginia,40,@,Maryland,37,Big Ten Network,,
217,3,Sep 13 2014,5:00 PM,Sat,Western Michigan,45,@,Idaho,33,ESPN3.com,,
Rk,Wk,Date,Time,Day,Winner/Tie,Pts,,Loser/Tie,Pts,TV,Notes,
218,4,Sep 18 2014,7:30 PM,Thu,(5) Auburn,20,@,(20) Kansas State,14,ESPN,,
219,4,Sep 19 2014,8:00 PM,Fri,South Florida,17,,Connecticut,14,ESPN,,
220,4,Sep 20 2014,3:30 PM,Sat,(3) Alabama,42,,Florida,21,CBS,,
221,4,Sep 20 2014,10:00 PM,Sat,Arizona,49,,California,45,Pac-12 Network,,
222,4,Sep 20 2014,7:00 PM,Sat,Arkansas,52,,Northern Illinois,14,ESPN U,,
223,4,Sep 20 2014,7:00 PM,Sat,Arkansas State,21,,Utah State,14,ESPN3.com,,
224,4,Sep 20 2014,10:40 PM,Sat,Boise State,34,,Louisiana-Lafayette,9,CBSSN,,
225,4,Sep 20 2014,1:00 PM,Sat,Boston College,40,,Maine,10,ESPN3.com,,
226,4,Sep 20 2014,3:30 PM,Sat,(21) Brigham Young,41,,Virginia,33,ESPN,,
227,4,Sep 20 2014,3:30 PM,Sat,Buffalo,36,,Norfolk State,7,ESPN3.com,,
228,4,Sep 20 2014,6:00 PM,Sat,Central Florida,41,,Bethune-Cookman,7,ESPN3.com,,
229,4,Sep 20 2014,7:00 PM,Sat,Cincinnati,31,,Miami (OH),24,CBSSN,Paul Brown Stadium - Cincinnati OH,
230,4,Sep 20 2014,2:00 PM,Sat,Colorado,21,,Hawaii,12,Pac-12 Network,,
231,4,Sep 20 2014,12:30 PM,Sat,Duke,47,,Tulane,13,RSN MSG ROOT-PIT STO,,
232,4,Sep 20 2014,3:30 PM,Sat,East Carolina,70,,North Carolina,41,ESPN U,,
233,4,Sep 20 2014,8:25 PM,Sat,(1) Florida State,23,,(22) Clemson,17,ABC,,
234,4,Sep 20 2014,10:00 PM,Sat,Fresno State,56,,Southern Utah,16,Mountain West Network,,
235,4,Sep 20 2014,12:00 PM,Sat,(13) Georgia,66,,Troy,0,SEC Network,,
236,4,Sep 20 2014,7:30 PM,Sat,Georgia Southern,28,@,South Alabama,6,ESPN3.com,,
237,4,Sep 20 2014,12:00 PM,Sat,Georgia Tech,27,@,Virginia Tech,24,ESPN,,
238,4,Sep 20 2014,8:00 PM,Sat,Houston,47,,Nevada-Las Vegas,14,ESPN3.com,,
239,4,Sep 20 2014,4:00 PM,Sat,Illinois,42,,Texas State,35,ESPNews,,
240,4,Sep 20 2014,4:00 PM,Sat,Indiana,31,@,(18) Missouri,27,SEC Network,,
241,4,Sep 20 2014,12:00 PM,Sat,Iowa,24,@,Pittsburgh,20,ESPN U,,
242,4,Sep 20 2014,3:30 PM,Sat,Kansas,24,,Central Michigan,10,FSN MSG+ SunSports,,
243,4,Sep 20 2014,3:30 PM,Sat,Louisville,34,@,Florida International,3,FS1,,
244,4,Sep 20 2014,2:00 PM,Sat,Marshall,48,@,Akron,17,ESPN3.com,,
245,4,Sep 20 2014,12:30 PM,Sat,Maryland,34,@,Syracuse,20,ACC Network,,
246,4,Sep 20 2014,7:00 PM,Sat,Memphis,36,,Middle Tennessee State,17,ESPN3.com,,
247,4,Sep 20 2014,12:00 PM,Sat,(11) Michigan State,73,,Eastern Michigan,14,Big Ten Network,,
248,4,Sep 20 2014,4:00 PM,Sat,Minnesota,24,,San Jose State,7,Big Ten Network,,
249,4,Sep 20 2014,7:00 PM,Sat,Mississippi State,34,@,(8) Louisiana State,29,ESPN,,
250,4,Sep 20 2014,8:00 PM,Sat,(24) Nebraska,41,,Miami (FL),31,ESPN 2,,
251,4,Sep 20 2014,8:00 PM,Sat,New Mexico,38,@,New Mexico State,35,AggieVision ESPN3.com,,
252,4,Sep 20 2014,6:00 PM,Sat,North Carolina State,42,,Presbyterian,0,ESPN3.com,,
253,4,Sep 20 2014,3:30 PM,Sat,North Texas,77,,Nicholls State,3,Sinclair,,
254,4,Sep 20 2014,12:00 PM,Sat,Northwestern,24,,Western Illinois,7,ESPNews,,
255,4,Sep 20 2014,7:00 PM,Sat,Northwestern State,30,@,Louisiana Tech,27,,,
256,4,Sep 20 2014,7:00 PM,Sat,Ohio,36,,Idaho,24,ESPN3.com,,
257,4,Sep 20 2014,7:30 PM,Sat,(4) Oklahoma,45,@,West Virginia,33,FOX,,
258,4,Sep 20 2014,12:00 PM,Sat,Old Dominion,45,@,Rice,42,FSN MSG+ ROOT-RM,,
259,4,Sep 20 2014,10:36 PM,Sat,(2) Oregon,38,@,Washington State,31,ESPN,,
260,4,Sep 20 2014,10:30 PM,Sat,Oregon State,28,,San Diego State,7,FS1,,
261,4,Sep 20 2014,4:00 PM,Sat,Penn State,48,,Massachusetts,7,Big Ten Network,,
262,4,Sep 20 2014,12:00 PM,Sat,Purdue,35,,Southern Illinois,13,Big Ten Network,,
263,4,Sep 20 2014,3:30 PM,Sat,Rutgers,31,@,Navy,24,CBSSN,,
264,4,Sep 20 2014,7:30 PM,Sat,(14) South Carolina,48,@,Vanderbilt,34,SEC Network,,
265,4,Sep 20 2014,7:00 PM,Sat,Southern Mississippi,21,,Appalachian State,20,American Sports Network,,
266,4,Sep 20 2014,1:00 PM,Sat,Temple,59,,Delaware State,0,ESPN3.com,,
267,4,Sep 20 2014,3:30 PM,Sat,(6) Texas A&M,58,@,Southern Methodist,6,ABC (ESPN 2 mirror),,
268,4,Sep 20 2014,7:00 PM,Sat,Toledo,34,,Ball State,23,ESPN3.com,,
269,4,Sep 20 2014,3:30 PM,Sat,Utah,26,@,Michigan,10,ABC (ESPN 2 mirror),,
270,4,Sep 20 2014,3:30 PM,Sat,Wake Forest,24,,Army,21,ESPN3.com,,
271,4,Sep 20 2014,6:00 PM,Sat,Washington,45,,Georgia State,14,Pac-12 Network,,
272,4,Sep 20 2014,7:00 PM,Sat,Western Michigan,45,,Murray State,14,ESPN3.com,,
273,4,Sep 20 2014,12:00 PM,Sat,(19) Wisconsin,68,,Bowling Green State,17,ESPN 2,,
274,4,Sep 20 2014,4:00 PM,Sat,Wyoming,20,,Florida Atlantic,19,Mountain West Network,,
Rk,Wk,Date,Time,Day,Winner/Tie,Pts,,Loser/Tie,Pts,TV,Notes,
275,5,Sep 25 2014,7:30 PM,Thu,Georgia Southern,34,,Appalachian State,14,ESPN U,,
276,5,Sep 25 2014,7:30 PM,Thu,(24) Oklahoma State,45,,Texas Tech,35,ESPN,,
277,5,Sep 25 2014,10:00 PM,Thu,(11) UCLA,62,@,(15) Arizona State,27,FS1,,
278,5,Sep 26 2014,8:00 PM,Fri,Fresno State,35,@,New Mexico,24,ESPN 2,,
279,5,Sep 26 2014,8:00 PM,Fri,Middle Tennessee State,41,@,Old Dominion,28,FS1,,
280,5,Sep 27 2014,7:00 PM,Sat,Air Force,28,,Boise State,14,CBSSN,,
281,5,Sep 27 2014,1:30 PM,Sat,Akron,21,@,Pittsburgh,10,ESPN3.com,,
282,5,Sep 27 2014,4:00 PM,Sat,(5) Auburn,45,,Louisiana Tech,17,SEC Network,,
283,5,Sep 27 2014,8:00 PM,Sat,(7) Baylor,49,@,Iowa State,28,FOX,,
284,5,Sep 27 2014,3:00 PM,Sat,Bowling Green State,47,@,Massachusetts,42,ESPN3.com,,
285,5,Sep 27 2014,3:30 PM,Sat,Buffalo,35,,Miami (OH),27,ESPN3.com,,
286,5,Sep 27 2014,4:00 PM,Sat,California,59,,Colorado,56,Pac-12 Network,,
287,5,Sep 27 2014,7:00 PM,Sat,Clemson,50,,North Carolina,35,ESPN U,,
288,5,Sep 27 2014,12:30 PM,Sat,Colorado State,24,@,Boston College,21,RSN MSG NESN ROOT-PIT,,
289,5,Sep 27 2014,5:00 PM,Sat,Florida Atlantic,41,,Texas-San Antonio,37,Sinclair Network,,
290,5,Sep 27 2014,3:30 PM,Sat,Florida International,34,@,Alabama-Birmingham,20,ASN CSN-BAY CAL,,
291,5,Sep 27 2014,3:30 PM,Sat,(1) Florida State,56,@,North Carolina State,41,ABC (ESPN 2 mirror),,
292,5,Sep 27 2014,12:00 PM,Sat,(12) Georgia,35,,Tennessee,32,ESPN,,
293,5,Sep 27 2014,12:00 PM,Sat,Iowa,24,@,Purdue,10,Big Ten Network,,
294,5,Sep 27 2014,12:00 PM,Sat,(25) Kansas State,58,,Texas-El Paso,28,FSN MSG+ MASN2 SSO,,
295,5,Sep 27 2014,12:00 PM,Sat,Kentucky,17,,Vanderbilt,7,SEC Network,,
296,5,Sep 27 2014,7:30 PM,Sat,(17) Louisiana State,63,,New Mexico State,7,SEC Network,,
297,5,Sep 27 2014,7:00 PM,Sat,Louisiana-Monroe,22,,Troy,20,ESPN3.com,,
298,5,Sep 27 2014,3:30 PM,Sat,Louisville,20,,Wake Forest,10,ESPN U,,
299,5,Sep 27 2014,1:30 PM,Sat,Maryland,37,@,Indiana,15,Big Ten Network,,
300,5,Sep 27 2014,7:30 PM,Sat,Miami (FL),22,,Duke,10,ESPN 2,,
301,5,Sep 27 2014,12:00 PM,Sat,(9) Michigan State,56,,Wyoming,14,ESPN 2,,
302,5,Sep 27 2014,3:30 PM,Sat,Minnesota,30,@,Michigan,14,ABC,,
303,5,Sep 27 2014,7:30 PM,Sat,(10) Mississippi,24,,Memphis,3,FSN-FL OH DET MW SD,,
304,5,Sep 27 2014,7:00 PM,Sat,Missouri,21,@,(13) South Carolina,20,ESPN,,
305,5,Sep 27 2014,9:00 PM,Sat,(21) Nebraska,45,,Illinois,14,Big Ten Network,,
306,5,Sep 27 2014,10:30 PM,Sat,Nevada,21,@,San Jose State,10,CBSSN,,
307,5,Sep 27 2014,12:00 PM,Sat,Northwestern,29,@,Penn State,6,Big Ten Network,,
308,5,Sep 27 2014,8:00 PM,Sat,(8) Notre Dame,31,,Syracuse,15,ABC,MetLife Stadium - East Rutherford NJ,
309,5,Sep 27 2014,2:00 PM,Sat,Ohio,34,,Eastern Illinois,19,ESPN3.com,,
310,5,Sep 27 2014,6:00 PM,Sat,(22) Ohio State,50,,Cincinnati,28,Big Ten Network,,
311,5,Sep 27 2014,7:00 PM,Sat,Rice,41,@,Southern Mississippi,23,FCS,,
312,5,Sep 27 2014,12:00 PM,Sat,Rutgers,31,,Tulane,6,ESPNews,,
313,5,Sep 27 2014,8:00 PM,Sat,San Diego State,34,,Nevada-Las Vegas,17,ESPN3.com,,
314,5,Sep 27 2014,5:00 PM,Sat,South Alabama,34,@,Idaho,10,ESPN3.com,,
315,5,Sep 27 2014,10:30 PM,Sat,(18) Southern California,35,,Oregon State,10,ESPN,,
316,5,Sep 27 2014,4:15 PM,Sat,(16) Stanford,20,@,Washington,13,FOX,,
317,5,Sep 27 2014,4:00 PM,Sat,Temple,36,@,Connecticut,10,ESPNews,,
318,5,Sep 27 2014,4:00 PM,Sat,Texas,23,@,Kansas,0,FS1,,
319,5,Sep 27 2014,3:30 PM,Sat,(6) Texas A&M,35,,Arkansas,28,CBS,AT&T Stadium - Arlington TX,
320,5,Sep 27 2014,12:00 PM,Sat,Texas Christian,56,@,Southern Methodist,0,CBSSN,,
321,5,Sep 27 2014,8:00 PM,Sat,Texas State,37,@,Tulsa,34,ESPNews,,
322,5,Sep 27 2014,7:00 PM,Sat,Toledo,42,,Central Michigan,28,ESPN3.com,,
323,5,Sep 27 2014,3:30 PM,Sat,Virginia,45,,Kent State,13,ESPN3.com,,
324,5,Sep 27 2014,12:30 PM,Sat,Virginia Tech,35,,Western Michigan,17,ACC Network,,
325,5,Sep 27 2014,8:00 PM,Sat,Washington State,28,@,Utah,27,Pac-12 Network,,
326,5,Sep 27 2014,3:30 PM,Sat,Western Kentucky,36,@,Navy,27,CBSSN,,
327,5,Sep 27 2014,12:00 PM,Sat,(19) Wisconsin,27,,South Florida,10,ESPN U,,
328,5,Sep 27 2014,1:00 PM,Sat,Yale,49,,Army,43,FCS-Atlantic,,
Rk,Wk,Date,Time,Day,Winner/Tie,Pts,,Loser/Tie,Pts,TV,Notes,
329,6,Oct 2 2014,10:30 PM,Thu,Arizona,31,@,(2) Oregon,24,ESPN,,
330,6,Oct 2 2014,7:00 PM,Thu,Central Florida,17,@,Houston,12,ESPN,,
331,6,Oct 2 2014,7:00 PM,Thu,Florida International,38,,Florida Atlantic,10,FSN,,
332,6,Oct 3 2014,10:00 PM,Fri,Fresno State,24,,San Diego State,13,CBSSN,,
333,6,Oct 3 2014,7:00 PM,Fri,Louisville,28,@,Syracuse,6,ESPN,,
334,6,Oct 3 2014,10:26 PM,Fri,Utah State,35,@,(18) Brigham Young,20,ESPN,,
335,6,Oct 4 2014,3:30 PM,Sat,Air Force,30,,Navy,21,CBSSN,,
336,6,Oct 4 2014,2:00 PM,Sat,Akron,31,,Eastern Michigan,6,ESPN3.com,,
337,6,Oct 4 2014,7:00 PM,Sat,Alabama-Birmingham,42,@,Western Kentucky,39,C-USA Digital Network,,
338,6,Oct 4 2014,7:30 PM,Sat,Arizona State,38,@,(16) Southern California,34,FOX,,
339,6,Oct 4 2014,7:00 PM,Sat,Arkansas State,28,,Louisiana-Monroe,14,ESPN3.com,,
340,6,Oct 4 2014,12:00 PM,Sat,Army,33,,Ball State,24,CBSSN,,
341,6,Oct 4 2014,7:00 PM,Sat,(5) Auburn,41,,(15) Louisiana State,7,ESPN,,
342,6,Oct 4 2014,3:30 PM,Sat,(7) Baylor,28,@,Texas,7,ABC,,
343,6,Oct 4 2014,10:30 PM,Sat,Boise State,51,@,Nevada,46,CBSSN,,
344,6,Oct 4 2014,3:30 PM,Sat,Bowling Green State,36,,Buffalo,35,ESPN Game Plan ESPN3.com,,
345,6,Oct 4 2014,10:30 PM,Sat,California,60,@,Washington State,59,Pac-12 Network,,
346,6,Oct 4 2014,3:30 PM,Sat,Central Michigan,28,,Ohio,10,ESPN3.com,,
347,6,Oct 4 2014,3:30 PM,Sat,Clemson,41,,North Carolina State,0,ESPN U,,
348,6,Oct 4 2014,3:00 PM,Sat,Colorado State,42,,Tulsa,17,Mountain West Network,,
349,6,Oct 4 2014,12:00 PM,Sat,(22) East Carolina,45,,Southern Methodist,24,ESPN U,,
350,6,Oct 4 2014,12:00 PM,Sat,Florida,10,@,Tennessee,9,SEC Network,,
351,6,Oct 4 2014,3:30 PM,Sat,(1) Florida State,43,,Wake Forest,3,ABC Regional,,
352,6,Oct 4 2014,4:00 PM,Sat,(13) Georgia,44,,Vanderbilt,17,SEC Network,,
353,6,Oct 4 2014,8:00 PM,Sat,Georgia Southern,36,@,New Mexico State,28,FSN-SW AZ+ ESPN3.com,,
354,6,Oct 4 2014,7:30 PM,Sat,Georgia Tech,28,,Miami (FL),17,ESPN 2,,
355,6,Oct 4 2014,2:30 PM,Sat,Indiana,49,,North Texas,24,Big Ten Network,,
356,6,Oct 4 2014,7:00 PM,Sat,(23) Kansas State,45,,Texas Tech,13,ESPN U,,
357,6,Oct 4 2014,7:30 PM,Sat,Kentucky,45,,South Carolina,38,SEC Network,,
358,6,Oct 4 2014,7:00 PM,Sat,Louisiana Tech,55,,Texas-El Paso,3,FCS,,
359,6,Oct 4 2014,7:00 PM,Sat,Louisiana-Lafayette,34,,Georgia State,31,ESPN3.com,,
360,6,Oct 4 2014,12:00 PM,Sat,Marshall,56,@,Old Dominion,14,FSN ROOT-NW PIT MSG+,,
361,6,Oct 4 2014,7:00 PM,Sat,Memphis,41,,Cincinnati,14,CBSSN,Paul Brown Stadium - Cincinnati OH,
362,6,Oct 4 2014,2:30 PM,Sat,Miami (OH),42,,Massachusetts,41,ESPN3.com,,
363,6,Oct 4 2014,8:00 PM,Sat,(10) Michigan State,27,,(19) Nebraska,22,ABC,,
364,6,Oct 4 2014,12:00 PM,Sat,Middle Tennessee State,37,,Southern Mississippi,31,ASN CSN-CHI,,
365,6,Oct 4 2014,3:30 PM,Sat,(11) Mississippi,23,,(3) Alabama,17,CBS,,
366,6,Oct 4 2014,12:00 PM,Sat,(12) Mississippi State,48,,(6) Texas A&M,31,ESPN,,
367,6,Oct 4 2014,3:30 PM,Sat,New Mexico,21,@,Texas-San Antonio,9,ASN CSN-CHI,,
368,6,Oct 4 2014,5:00 PM,Sat,Northern Illinois,17,,Kent State,14,ESPN3.com,,
369,6,Oct 4 2014,3:30 PM,Sat,Northwestern,20,,(17) Wisconsin,14,ESPN 2,,
370,6,Oct 4 2014,3:30 PM,Sat,(9) Notre Dame,17,,(14) Stanford,14,NBC,,
371,6,Oct 4 2014,12:00 PM,Sat,(20) Ohio State,52,@,Maryland,24,ABC,,
372,6,Oct 4 2014,12:00 PM,Sat,(21) Oklahoma State,37,,Iowa State,20,FS1,,
373,6,Oct 4 2014,4:00 PM,Sat,Oregon State,36,@,Colorado,31,Pac-12 Network,,
374,6,Oct 4 2014,12:00 PM,Sat,Purdue,38,@,Illinois,27,ESPN 2,,
375,6,Oct 4 2014,7:00 PM,Sat,Rice,28,,Hawaii,14,ASN CSN-BAY TCN-PHI,,
376,6,Oct 4 2014,7:00 PM,Sat,Rutgers,26,,Michigan,24,Big Ten Network,,
377,6,Oct 4 2014,8:00 PM,Sat,San Jose State,33,,Nevada-Las Vegas,10,ESPNews,,
378,6,Oct 4 2014,6:00 PM,Sat,South Alabama,47,@,Appalachian State,21,ESPN3.com,,
379,6,Oct 4 2014,3:30 PM,Sat,(25) Texas Christian,37,,(4) Oklahoma,33,FOX,,
380,6,Oct 4 2014,7:00 PM,Sat,Texas State,35,,Idaho,30,ESPN3.com,,
381,6,Oct 4 2014,7:00 PM,Sat,Toledo,20,@,Western Michigan,19,ESPN3.com,,
382,6,Oct 4 2014,10:30 PM,Sat,Utah,30,@,(8) UCLA,28,ESPN,,
383,6,Oct 4 2014,7:30 PM,Sat,Virginia,24,,Pittsburgh,19,RSN YES ROOT-PIT STO,,
384,6,Oct 4 2014,12:30 PM,Sat,Virginia Tech,34,@,North Carolina,17,ACC Network,,
385,6,Oct 4 2014,4:00 PM,Sat,West Virginia,33,,Kansas,14,FSN ROOT-PIT,,
Rk,Wk,Date,Time,Day,Winner/Tie,Pts,,Loser/Tie,Pts,TV,Notes,
386,7,Oct 9 2014,7:30 PM,Thu,Central Florida,31,,Brigham Young,24,ESPN,,
387,7,Oct 10 2014,10:00 PM,Fri,Nevada-Las Vegas,30,,Fresno State,27,CBSSN,,
388,7,Oct 10 2014,9:30 PM,Fri,San Diego State,24,@,New Mexico,14,ESPN U,,
389,7,Oct 10 2014,9:00 PM,Fri,(25) Stanford,34,,Washington State,17,ESPN,,
390,7,Oct 11 2014,2:00 PM,Sat,Akron,29,,Miami (OH),19,ESPN3.com,,
391,7,Oct 11 2014,6:00 PM,Sat,(7) Alabama,14,@,Arkansas,13,ESPN,,
392,7,Oct 11 2014,3:30 PM,Sat,Alabama-Birmingham,56,,North Texas,21,Sinclair ASN,,
393,7,Oct 11 2014,2:00 PM,Sat,Arkansas State,52,@,Georgia State,10,ESPN3.com,,
394,7,Oct 11 2014,3:30 PM,Sat,(5) Baylor,61,,(9) Texas Christian,58,ESPN 2,,
395,7,Oct 11 2014,3:30 PM,Sat,Boston College,30,@,North Carolina State,14,CSN NESN ROOT-NW PIT,,
396,7,Oct 11 2014,2:00 PM,Sat,Bowling Green State,31,@,Ohio,13,ESPN3.com,,
397,7,Oct 11 2014,5:00 PM,Sat,Central Michigan,34,@,Northern Illinois,17,ESPN3.com,,
398,7,Oct 11 2014,3:30 PM,Sat,Clemson,23,,Louisville,17,ESPN U,,
399,7,Oct 11 2014,10:30 PM,Sat,Colorado State,31,@,Nevada,24,CBSSN,,
400,7,Oct 11 2014,12:30 PM,Sat,Duke,31,@,(22) Georgia Tech,25,ACC Network,,
401,7,Oct 11 2014,7:00 PM,Sat,(19) East Carolina,28,@,South Florida,17,ESPN U,,
402,7,Oct 11 2014,1:00 PM,Sat,Eastern Michigan,37,,Buffalo,27,ESPN3.com,,
403,7,Oct 11 2014,12:00 PM,Sat,(1) Florida State,38,@,Syracuse,20,ESPN,,
404,7,Oct 11 2014,12:00 PM,Sat,(13) Georgia,34,@,(23) Missouri,0,CBS,,
405,7,Oct 11 2014,6:00 PM,Sat,Georgia Southern,47,,Idaho,24,ESPN3.com,,
406,7,Oct 11 2014,11:59 PM,Sat,Hawaii,38,,Wyoming,28,Oceanic PPV ROOT-RM,,
407,7,Oct 11 2014,7:00 PM,Sat,Houston,28,@,Memphis,24,CBSSN,,
408,7,Oct 11 2014,12:00 PM,Sat,Iowa,45,,Indiana,29,Big Ten Network,,
409,7,Oct 11 2014,3:30 PM,Sat,Iowa State,37,,Toledo,30,Mediacom Cable,,
410,7,Oct 11 2014,12:00 PM,Sat,Kentucky,48,,Louisiana-Monroe,14,SEC Network,,
411,7,Oct 11 2014,3:30 PM,Sat,Liberty,55,@,Appalachian State,48,ESPN3.com,,
412,7,Oct 11 2014,7:30 PM,Sat,Louisiana State,30,@,Florida,27,SEC Network,,
413,7,Oct 11 2014,12:00 PM,Sat,Marshall,49,,Middle Tennessee State,24,FSN MSG+ ROOT-RM SPO,,
414,7,Oct 11 2014,2:00 PM,Sat,Massachusetts,40,@,Kent State,17,ESPN3.com,,
415,7,Oct 11 2014,12:00 PM,Sat,Miami (FL),55,,Cincinnati,34,MSG NESN ROOT-NW PIT,,
416,7,Oct 11 2014,7:00 PM,Sat,Michigan,18,,Penn State,13,ESPN,,
417,7,Oct 11 2014,3:30 PM,Sat,(8) Michigan State,45,@,Purdue,31,ABC,,
418,7,Oct 11 2014,12:00 PM,Sat,Minnesota,24,,Northwestern,17,Big Ten Network,,
419,7,Oct 11 2014,9:15 PM,Sat,(3) Mississippi,35,@,(14) Texas A&M,20,ESPN,,
420,7,Oct 11 2014,3:39 PM,Sat,(3) Mississippi State,38,,(2) Auburn,23,CBS,,
421,7,Oct 11 2014,3:30 PM,Sat,Navy,51,,Virginia Military Institute,14,CBSSN,,
422,7,Oct 11 2014,3:30 PM,Sat,(6) Notre Dame,50,,North Carolina,43,NBC,,
423,7,Oct 11 2014,12:00 PM,Sat,(11) Oklahoma,31,,Texas,26,ABC,Cotton Bowl - Dallas TX,
424,7,Oct 11 2014,4:00 PM,Sat,(16) Oklahoma State,27,@,Kansas,20,FS1,,
425,7,Oct 11 2014,3:30 PM,Sat,(12) Oregon,42,@,(18) UCLA,30,FOX,,
426,7,Oct 11 2014,12:00 PM,Sat,Rice,41,@,Army,21,CBSSN,,
427,7,Oct 11 2014,10:30 PM,Sat,Southern California,28,@,(10) Arizona,26,ESPN 2,,
428,7,Oct 11 2014,12:00 PM,Sat,Temple,35,,Tulsa,24,ESPNews,,
429,7,Oct 11 2014,4:00 PM,Sat,Tennessee,45,,Chattanooga,10,SEC Network,,
430,7,Oct 11 2014,8:00 PM,Sat,Texas-El Paso,42,,Old Dominion,35,MyTVZ33 Sinclair,,
431,7,Oct 11 2014,7:00 PM,Sat,Texas-San Antonio,16,,Florida International,13,FCS,,
432,7,Oct 11 2014,3:00 PM,Sat,Troy,41,,New Mexico State,24,ESPN3.com,,
433,7,Oct 11 2014,8:00 PM,Sat,Tulane,12,,Connecticut,3,ESPNews,,
434,7,Oct 11 2014,10:15 PM,Sat,Utah State,34,,Air Force,16,ESPN U,,
435,7,Oct 11 2014,7:30 PM,Sat,Vanderbilt,21,,Charleston Southern,20,FSN-DET SW SportSouth,,
436,7,Oct 11 2014,6:00 PM,Sat,Washington,31,@,California,7,Pac-12 Network,,
437,7,Oct 11 2014,12:00 PM,Sat,West Virginia,37,@,Texas Tech,34,FS1,,
438,7,Oct 11 2014,3:00 PM,Sat,Western Michigan,42,@,Ball State,38,ESPN3.com,,
439,7,Oct 11 2014,12:00 PM,Sat,Wisconsin,38,,Illinois,28,ESPN 2,,
Rk,Wk,Date,Time,Day,Winner/Tie,Pts,,Loser/Tie,Pts,TV,Notes,
440,8,Oct 14 2014,8:00 PM,Tue,Louisiana-Lafayette,34,@,Texas State,10,ESPN 2,,
441,8,Oct 16 2014,7:30 PM,Thu,Pittsburgh,21,,Virginia Tech,16,ESPN,,
442,8,Oct 16 2014,10:00 PM,Thu,(20) Utah,29,@,Oregon State,23,FS2,,
443,8,Oct 17 2014,8:00 PM,Fri,Boise State,37,,Fresno State,27,ESPN,,
444,8,Oct 17 2014,9:00 PM,Fri,Houston,31,,Temple,10,ESPN U,,
445,8,Oct 18 2014,3:30 PM,Sat,Air Force,35,,New Mexico,31,ROOT-NW,,
446,8,Oct 18 2014,3:30 PM,Sat,(7) Alabama,59,,(21) Texas A&M,0,CBS,,
447,8,Oct 18 2014,3:00 PM,Sat,Appalachian State,53,@,Troy,14,ESPN3.com,,
448,8,Oct 18 2014,10:30 PM,Sat,(17) Arizona State,26,,(23) Stanford,10,ESPN,,
449,8,Oct 18 2014,3:30 PM,Sat,Ball State,32,@,Central Michigan,29,ESPN3.com,,
450,8,Oct 18 2014,12:00 PM,Sat,Central Florida,20,,Tulane,13,ESPN U,,
451,8,Oct 18 2014,3:30 PM,Sat,Cincinnati,41,@,Southern Methodist,3,CBSSN,,
452,8,Oct 18 2014,3:30 PM,Sat,(24) Clemson,17,@,Boston College,13,ESPN U,,
453,8,Oct 18 2014,7:00 PM,Sat,Colorado State,16,,Utah State,13,CBSSN,,
454,8,Oct 18 2014,12:30 PM,Sat,Duke,20,,Virginia,13,ACC Network,,
455,8,Oct 18 2014,12:00 PM,Sat,Florida Atlantic,45,,Western Kentucky,38,Sinclair,,
456,8,Oct 18 2014,8:00 PM,Sat,(2) Florida State,31,,(5) Notre Dame,27,ABC,,
457,8,Oct 18 2014,4:00 PM,Sat,(10) Georgia,45,,Arkansas,32,SEC Network,War Memorial Stadium - Little Rock AR,
458,8,Oct 18 2014,5:00 PM,Sat,Idaho,29,,New Mexico State,17,ESPN3.com,,
459,8,Oct 18 2014,12:00 PM,Sat,(14) Kansas State,31,@,(11) Oklahoma,30,ESPN,,
460,8,Oct 18 2014,3:30 PM,Sat,Kent State,39,,Army,17,ESPN3.com,,
461,8,Oct 18 2014,7:30 PM,Sat,Louisiana State,41,,Kentucky,3,SEC Network,,
462,8,Oct 18 2014,12:00 PM,Sat,Louisiana Tech,27,,Texas-San Antonio,20,FSN-MW SW AZ W,,
463,8,Oct 18 2014,3:30 PM,Sat,Louisville,30,,North Carolina State,18,FSN YES CSN-BAL,,
464,8,Oct 18 2014,6:00 PM,Sat,(25) Marshall,45,@,Florida International,13,American Sports Network,,
465,8,Oct 18 2014,12:00 PM,Sat,Maryland,38,,Iowa,31,ESPN 2,,
466,8,Oct 18 2014,3:00 PM,Sat,Massachusetts,36,,Eastern Michigan,14,ESPN3.com,Gillette Stadium - Foxborough MA,
467,8,Oct 18 2014,3:30 PM,Sat,(8) Michigan State,56,@,Indiana,17,ESPN,,
468,8,Oct 18 2014,3:30 PM,Sat,Middle Tennessee State,34,,Alabama-Birmingham,22,FCS,,
469,8,Oct 18 2014,12:00 PM,Sat,Minnesota,39,,Purdue,38,Big Ten Network,,
470,8,Oct 18 2014,7:00 PM,Sat,(3) Mississippi,34,,Tennessee,3,ESPN,,
471,8,Oct 18 2014,7:00 PM,Sat,Missouri,42,@,Florida,13,ESPN 2,,
472,8,Oct 18 2014,7:30 PM,Sat,(19) Nebraska,38,@,Northwestern,17,Big Ten Network,,
473,8,Oct 18 2014,10:15 PM,Sat,Nevada,42,@,Brigham Young,35,ESPN 2,,
474,8,Oct 18 2014,7:00 PM,Sat,North Carolina,48,,Georgia Tech,43,ESPN U,,
475,8,Oct 18 2014,5:00 PM,Sat,Northern Illinois,51,,Miami (OH),41,ESPN3.com,,
476,8,Oct 18 2014,2:00 PM,Sat,Ohio,23,,Akron,20,ESPN3.com,,
477,8,Oct 18 2014,3:30 PM,Sat,(13) Ohio State,56,,Rutgers,17,ABC (ESPN 2 mirror),,
478,8,Oct 18 2014,8:00 PM,Sat,(9) Oregon,45,,Washington,20,FS1,,
479,8,Oct 18 2014,10:30 PM,Sat,San Diego State,20,,Hawaii,10,CBSSN,,
480,8,Oct 18 2014,4:00 PM,Sat,San Jose State,27,@,Wyoming,20,ESPN3.com,,
481,8,Oct 18 2014,7:30 PM,Sat,South Alabama,30,,Georgia State,27,ESPN3.com,,
482,8,Oct 18 2014,12:00 PM,Sat,South Carolina,41,,Furman,10,SEC Network,,
483,8,Oct 18 2014,12:00 PM,Sat,South Florida,38,@,Tulsa,30,ESPNews,,
484,8,Oct 18 2014,6:00 PM,Sat,(22) Southern California,56,,Colorado,28,Pac-12 Network,,
485,8,Oct 18 2014,7:00 PM,Sat,Southern Mississippi,30,@,North Texas,20,Sinclair,,
486,8,Oct 18 2014,12:00 PM,Sat,Syracuse,30,@,Wake Forest,7,RSN YES FSN-S PT DET+,,
487,8,Oct 18 2014,8:00 PM,Sat,Texas,48,,Iowa State,45,Longhorn Network,,
488,8,Oct 18 2014,4:00 PM,Sat,(12) Texas Christian,42,,(15) Oklahoma State,9,FS1,,
489,8,Oct 18 2014,3:30 PM,Sat,Texas Tech,34,,Kansas,21,FSN-FL N WI SportSouth,,
490,8,Oct 18 2014,3:30 PM,Sat,UCLA,36,@,California,34,ABC (ESPN 2 mirror),,
491,8,Oct 18 2014,12:00 PM,Sat,West Virginia,41,,(4) Baylor,27,FS1,,
492,8,Oct 18 2014,2:00 PM,Sat,Western Michigan,26,@,Bowling Green State,14,ESPN3.com,,
Rk,Wk,Date,Time,Day,Winner/Tie,Pts,,Loser/Tie,Pts,TV,Notes,
493,9,Oct 21 2014,8:00 PM,Tue,Louisiana-Lafayette,55,,Arkansas State,40,ESPN 2,,
494,9,Oct 23 2014,7:00 PM,Thu,(18) East Carolina,31,,Connecticut,21,ESPN U,,
495,9,Oct 23 2014,8:00 PM,Thu,Miami (FL),30,@,Virginia Tech,6,ESPN,,
496,9,Oct 24 2014,9:00 PM,Fri,Boise State,55,,Brigham Young,30,ESPN,,
497,9,Oct 24 2014,7:00 PM,Fri,Cincinnati,34,,South Florida,17,ESPN 2,Paul Brown Stadium - Cincinnati OH,
498,9,Oct 24 2014,10:00 PM,Fri,(6) Oregon,59,,California,41,FS1,Levi`s Stadium - Santa Clara CA,
499,9,Oct 24 2014,7:30 PM,Fri,South Alabama,27,,Troy,13,ESPN U,,
500,9,Oct 25 2014,7:30 PM,Sat,(4) Alabama,34,@,Tennessee,20,ESPN 2,,
501,9,Oct 25 2014,6:00 PM,Sat,(15) Arizona,59,@,Washington State,37,Pac-12 Network,,
502,9,Oct 25 2014,10:45 PM,Sat,(14) Arizona State,24,@,Washington,10,ESPN,,
503,9,Oct 25 2014,12:00 PM,Sat,Arkansas,45,,Alabama-Birmingham,17,SEC Network,,
504,9,Oct 25 2014,7:30 PM,Sat,(5) Auburn,42,,South Carolina,35,SEC Network,,
505,9,Oct 25 2014,2:00 PM,Sat,Ball State,35,,Akron,21,ESPN3.com,,
506,9,Oct 25 2014,3:30 PM,Sat,Boston College,23,@,Wake Forest,17,RSN YES ROOT-PIT STO,,
507,9,Oct 25 2014,5:00 PM,Sat,Central Florida,34,,Temple,14,CBSSN,,
508,9,Oct 25 2014,3:30 PM,Sat,Central Michigan,20,@,Buffalo,14,ESPN3.com,,
509,9,Oct 25 2014,7:00 PM,Sat,(21) Clemson,16,,Syracuse,6,ESPN U,,
510,9,Oct 25 2014,7:00 PM,Sat,Colorado State,45,,Wyoming,31,ROOT-RM,,
511,9,Oct 25 2014,2:00 PM,Sat,Georgia Southern,69,@,Georgia State,31,ESPN3.com,,
512,9,Oct 25 2014,3:30 PM,Sat,Georgia Tech,56,@,Pittsburgh,28,ESPN U,,
513,9,Oct 25 2014,12:00 PM,Sat,Illinois,28,,Minnesota,24,ESPN U,,
514,9,Oct 25 2014,12:00 PM,Sat,(11) Kansas State,23,,Texas,0,ESPN,,
515,9,Oct 25 2014,7:15 PM,Sat,(24) Louisiana State,10,,(3) Mississippi,7,ESPN,,
516,9,Oct 25 2014,3:30 PM,Sat,Louisiana Tech,31,@,Southern Mississippi,20,ASN CSN-CHI BAY,,
517,9,Oct 25 2014,3:30 PM,Sat,(23) Marshall,35,,Florida Atlantic,16,FS1,,
518,9,Oct 25 2014,12:00 PM,Sat,Memphis,48,@,Southern Methodist,10,ESPNews,,
519,9,Oct 25 2014,2:30 PM,Sat,Miami (OH),10,,Kent State,3,ESPN3.com,,
520,9,Oct 25 2014,3:30 PM,Sat,(8) Michigan State,35,,Michigan,11,ABC,,
521,9,Oct 25 2014,3:30 PM,Sat,(1) Mississippi State,45,@,Kentucky,31,CBS,,
522,9,Oct 25 2014,4:00 PM,Sat,Missouri,24,,Vanderbilt,14,SEC Network,,
523,9,Oct 25 2014,1:00 PM,Sat,Navy,41,,San Jose State,31,CBSSN,,
524,9,Oct 25 2014,12:00 PM,Sat,(16) Nebraska,42,,Rutgers,24,ESPN 2,,
525,9,Oct 25 2014,11:59 PM,Sat,Nevada,26,@,Hawaii,18,Oceanic Pay-Per-View,,
526,9,Oct 25 2014,12:30 PM,Sat,North Carolina,28,@,Virginia,27,ACC Network,,
527,9,Oct 25 2014,1:00 PM,Sat,Northern Illinois,28,@,Eastern Michigan,17,ESPN3.com,,
528,9,Oct 25 2014,8:00 PM,Sat,(13) Ohio State,31,@,Penn State,24,ABC,,
529,9,Oct 25 2014,12:00 PM,Sat,Rice,41,,North Texas,21,FSN MSG ROOT-PIT RM,,
530,9,Oct 25 2014,3:30 PM,Sat,Stanford,38,,Oregon State,14,ESPN 2,,
531,9,Oct 25 2014,3:30 PM,Sat,(10) Texas Christian,82,,Texas Tech,27,FOX,,
532,9,Oct 25 2014,7:00 PM,Sat,Texas State,22,@,Louisiana-Monroe,18,ESPN3.com,,
533,9,Oct 25 2014,7:00 PM,Sat,Texas-El Paso,34,@,Texas-San Antonio,0,Sinclair ASN CSN-BAY,,
534,9,Oct 25 2014,2:00 PM,Sat,Toledo,42,,Massachusetts,35,ESPN3.com BCSN ESPN GP,,
535,9,Oct 25 2014,2:00 PM,Sat,(25) UCLA,40,@,Colorado,37,Pac-12 Network,,
536,9,Oct 25 2014,10:00 PM,Sat,(19) Utah,24,,(20) Southern California,21,FS1,,
537,9,Oct 25 2014,4:00 PM,Sat,Utah State,34,,Nevada-Las Vegas,20,ESPNews,,
538,9,Oct 25 2014,3:30 PM,Sat,(22) West Virginia,34,@,Oklahoma State,10,ESPN,,
539,9,Oct 25 2014,4:00 PM,Sat,Western Kentucky,66,,Old Dominion,51,CUSA Digital,,
540,9,Oct 25 2014,2:00 PM,Sat,Western Michigan,42,,Ohio,21,ESPN3.com,,
541,9,Oct 25 2014,12:00 PM,Sat,Wisconsin,52,,Maryland,7,Big Ten Network,,
Rk,Wk,Date,Time,Day,Winner/Tie,Pts,,Loser/Tie,Pts,TV,Notes,
542,10,Oct 30 2014,7:30 PM,Thu,(2) Florida State,42,@,Louisville,31,ESPN,,
543,10,Oct 30 2014,7:30 PM,Thu,Georgia Southern,42,,Troy,10,ESPN U,,
544,10,Oct 31 2014,8:00 PM,Fri,Cincinnati,38,@,Tulane,14,ESPN 2,,
545,10,Oct 31 2014,8:02 PM,Fri,Memphis,40,,Tulsa,20,ESPN U,,
546,10,Nov 1 2014,11:30 AM,Sat,Air Force,23,@,Army,6,CBS,,
547,10,Nov 1 2014,7:00 PM,Sat,Alabama-Birmingham,31,@,Florida Atlantic,28,Sinclair,,
548,10,Nov 1 2014,3:30 PM,Sat,Appalachian State,44,,Georgia State,0,ESPN3.com,,
549,10,Nov 1 2014,11:00 PM,Sat,(15) Arizona State,19,,(18) Utah,16,FS1,,
550,10,Nov 1 2014,5:00 PM,Sat,Arkansas State,44,@,Idaho,28,ESPN3.com,,
551,10,Nov 1 2014,7:00 PM,Sat,(4) Auburn,35,@,(7) Mississippi,31,ESPN,,
552,10,Nov 1 2014,4:00 PM,Sat,(12) Baylor,60,,Kansas,14,FS1,,
553,10,Nov 1 2014,12:30 PM,Sat,Boston College,33,@,Virginia Tech,31,ACC Network,,
554,10,Nov 1 2014,3:30 PM,Sat,Brigham Young,27,@,Middle Tennessee State,7,CBSSN,,
555,10,Nov 1 2014,10:30 PM,Sat,California,45,@,Oregon State,31,Pac-12 Network,,
556,10,Nov 1 2014,1:00 PM,Sat,Central Michigan,38,@,Eastern Michigan,7,ESPN3.com,,
557,10,Nov 1 2014,7:00 PM,Sat,Colorado State,38,@,San Jose State,31,CBSSN,,
558,10,Nov 1 2014,12:00 PM,Sat,Connecticut,37,,Central Florida,29,CBSSN,,
559,10,Nov 1 2014,12:00 PM,Sat,(24) Duke,51,@,Pittsburgh,48,ESPN U,,
560,10,Nov 1 2014,3:30 PM,Sat,Florida,38,,(9) Georgia,20,CBS,EverBank Field - Jacksonville FL,
561,10,Nov 1 2014,3:30 PM,Sat,Georgia Tech,35,,Virginia,10,ESPN U,,
562,10,Nov 1 2014,4:00 PM,Sat,Houston,27,@,South Florida,3,ESPNews,,
563,10,Nov 1 2014,12:00 PM,Sat,Iowa,48,,Northwestern,7,Big Ten Network,,
564,10,Nov 1 2014,8:00 PM,Sat,(11) Kansas State,48,,Oklahoma State,14,ABC,,
565,10,Nov 1 2014,3:00 PM,Sat,Louisiana Tech,59,,Western Kentucky,10,FSN-W AZ SW MW DET,,
566,10,Nov 1 2014,5:00 PM,Sat,Louisiana-Lafayette,19,,South Alabama,9,ESPN3.com,,
567,10,Nov 1 2014,12:00 PM,Sat,Maryland,20,@,Penn State,19,ESPN 2,,
568,10,Nov 1 2014,12:30 PM,Sat,Miami (FL),47,,North Carolina,20,ACC Network,,
569,10,Nov 1 2014,3:30 PM,Sat,Michigan,34,,Indiana,10,Big Ten Network,,
570,10,Nov 1 2014,7:15 PM,Sat,(1) Mississippi State,17,,Arkansas,10,ESPN 2,,
571,10,Nov 1 2014,4:00 PM,Sat,Missouri,20,,Kentucky,10,SEC Network,,
572,10,Nov 1 2014,3:30 PM,Sat,(17) Nebraska,35,,Purdue,14,ABC (ESPN 2 mirror),,
573,10,Nov 1 2014,10:30 PM,Sat,Nevada,30,,San Diego State,14,CBSSN,,
574,10,Nov 1 2014,5:30 PM,Sat,New Mexico,31,@,Nevada-Las Vegas,28,ROOT-RM NW,,
575,10,Nov 1 2014,3:00 PM,Sat,North Carolina State,24,@,Syracuse,17,RSN FSN-S FL SD,,
576,10,Nov 1 2014,8:00 PM,Sat,(6) Notre Dame,49,,Navy,39,CBS,FedEx Field - Landover MD,
577,10,Nov 1 2014,8:00 PM,Sat,(13) Ohio State,55,,Illinois,14,ABC ESPN3.com,,
578,10,Nov 1 2014,12:00 PM,Sat,(19) Oklahoma,59,@,Iowa State,14,FS1,,
579,10,Nov 1 2014,7:30 PM,Sat,(5) Oregon,45,,Stanford,16,FOX,,
580,10,Nov 1 2014,12:00 PM,Sat,Rice,31,@,Florida International,17,American Sports Network,,
581,10,Nov 1 2014,4:30 PM,Sat,Southern California,44,@,Washington State,17,Pac-12 Network,,
582,10,Nov 1 2014,12:00 PM,Sat,Temple,20,,(21) East Carolina,10,ESPNews,,
583,10,Nov 1 2014,7:30 PM,Sat,Tennessee,45,@,South Carolina,42,SEC Network,,
584,10,Nov 1 2014,7:30 PM,Sat,Texas,34,@,Texas Tech,13,FS1,,
585,10,Nov 1 2014,12:00 PM,Sat,Texas A&M,21,,Louisiana-Monroe,16,SEC Network,,
586,10,Nov 1 2014,3:30 PM,Sat,(10) Texas Christian,31,@,(20) West Virginia,30,ABC (ESPN 2 mirror),,
587,10,Nov 1 2014,4:00 PM,Sat,Texas State,37,@,New Mexico State,29,AggieTV ESPN3 Altitude,,
588,10,Nov 1 2014,8:00 PM,Sat,Texas-El Paso,35,,Southern Mississippi,14,FCS,,
589,10,Nov 1 2014,10:30 PM,Sat,(25) UCLA,17,,(14) Arizona,7,ESPN,,
590,10,Nov 1 2014,11:00 PM,Sat,Utah State,35,@,Hawaii,14,Oceanic Pay-per-view,,
591,10,Nov 1 2014,7:00 PM,Sat,Vanderbilt,42,,Old Dominion,28,ESPN U,,
592,10,Nov 1 2014,1:00 PM,Sat,Washington,38,@,Colorado,23,Pac-12 Network,,
593,10,Nov 1 2014,2:30 PM,Sat,Western Michigan,41,@,Miami (OH),10,ESPN3.com,,
594,10,Nov 1 2014,12:00 PM,Sat,Wisconsin,37,@,Rutgers,0,ESPN,,
595,10,Nov 1 2014,10:45 PM,Sat,Wyoming,45,@,Fresno State,17,ESPN 2,,
Rk,Wk,Date,Time,Day,Winner/Tie,Pts,,Loser/Tie,Pts,TV,Notes,
596,11,Nov 4 2014,8:00 PM,Tue,Bowling Green State,27,@,Akron,10,ESPN 2,,
597,11,Nov 4 2014,8:00 PM,Tue,Toledo,30,@,Kent State,20,ESPN U,,
598,11,Nov 5 2014,8:00 PM,Wed,Northern Illinois,35,@,Ball State,21,ESPN 2,,
599,11,Nov 5 2014,8:00 PM,Wed,Ohio,37,,Buffalo,14,ESPN U,,
600,11,Nov 6 2014,7:30 PM,Thu,(19) Clemson,34,@,Wake Forest,20,ESPN,,
601,11,Nov 7 2014,7:30 PM,Fri,Memphis,16,@,Temple,13,ESPN U,,
602,11,Nov 7 2014,8:00 PM,Fri,Utah State,20,@,Wyoming,3,ESPN 2,,
603,11,Nov 8 2014,4:00 PM,Sat,Air Force,48,@,Nevada-Las Vegas,21,Mountain West Network,,
604,11,Nov 8 2014,8:00 PM,Sat,(4) Alabama,20,@,(14) Louisiana State,13,CBS,,
605,11,Nov 8 2014,3:30 PM,Sat,Appalachian State,31,,Louisiana-Monroe,29,ESPN3.com,,
606,11,Nov 8 2014,8:00 PM,Sat,(21) Arizona,38,,Colorado,20,Pac-12 Network,,
607,11,Nov 8 2014,3:30 PM,Sat,(11) Arizona State,55,,(8) Notre Dame,31,ABC,,
608,11,Nov 8 2014,3:00 PM,Sat,Arkansas State,45,,South Alabama,10,ESPN3.com,,
609,11,Nov 8 2014,3:30 PM,Sat,Army,35,,Connecticut,21,CBSSN,Yankee Stadium - Bronx NY,
610,11,Nov 8 2014,12:00 PM,Sat,(10) Baylor,48,@,(16) Oklahoma,14,FS1,,
611,11,Nov 8 2014,7:00 PM,Sat,Boise State,60,@,New Mexico,49,CBSSN,,
612,11,Nov 8 2014,7:00 PM,Sat,Colorado State,49,,Hawaii,22,ESPN U,,
613,11,Nov 8 2014,12:30 PM,Sat,(22) Duke,27,@,Syracuse,10,RSN MSG STO SunSports,,
614,11,Nov 8 2014,7:30 PM,Sat,Florida,34,@,Vanderbilt,10,SEC Network,,
615,11,Nov 8 2014,6:30 PM,Sat,(2) Florida State,34,,Virginia,20,ESPN,,
616,11,Nov 8 2014,10:30 PM,Sat,Fresno State,38,,San Jose State,24,CBSSN,,
617,11,Nov 8 2014,12:00 PM,Sat,(17) Georgia,63,@,Kentucky,31,ESPN,,
618,11,Nov 8 2014,4:00 PM,Sat,Georgia Southern,28,@,Texas State,25,ESPN3.com,,
619,11,Nov 8 2014,12:30 PM,Sat,Georgia Tech,56,@,North Carolina State,23,ACC Network,,
620,11,Nov 8 2014,3:30 PM,Sat,Kansas,34,,Iowa State,14,FSN-DET+ MSG+ MASN2,,
621,11,Nov 8 2014,12:00 PM,Sat,Louisiana Tech,40,@,Alabama-Birmingham,24,American Sports Network,,
622,11,Nov 8 2014,8:00 PM,Sat,Louisiana-Lafayette,44,@,New Mexico State,16,ESPN3.com FSN-AZ+,,
623,11,Nov 8 2014,7:15 PM,Sat,Louisville,38,@,Boston College,19,ESPN 2,,
624,11,Nov 8 2014,7:00 PM,Sat,(23) Marshall,63,@,Southern Mississippi,17,Sinclair ASN CSN-CHI,,
625,11,Nov 8 2014,3:30 PM,Sat,Michigan,10,@,Northwestern,9,ESPN 2,,
626,11,Nov 8 2014,12:00 PM,Sat,Minnesota,51,,Iowa,14,ESPN 2,,
627,11,Nov 8 2014,12:00 PM,Sat,(12) Mississippi,48,,Presbyterian,0,SEC Network,,
628,11,Nov 8 2014,4:00 PM,Sat,(1) Mississippi State,45,,Tennessee-Martin,16,SEC Network,,
629,11,Nov 8 2014,7:00 PM,Sat,North Texas,31,,Florida Atlantic,10,FCS,,
630,11,Nov 8 2014,8:00 PM,Sat,(13) Ohio State,49,@,(7) Michigan State,37,ABC,,
631,11,Nov 8 2014,3:30 PM,Sat,Old Dominion,38,,Florida International,35,ASN CSN-BAY,,
632,11,Nov 8 2014,10:00 PM,Sat,(5) Oregon,51,@,(20) Utah,27,ESPN,,
633,11,Nov 8 2014,12:00 PM,Sat,Penn State,13,@,Indiana,7,Big Ten Network,,
634,11,Nov 8 2014,12:00 PM,Sat,Rice,17,,Texas-San Antonio,7,FSN-OH DET MSG+ MASN2,,
635,11,Nov 8 2014,6:30 PM,Sat,San Diego State,35,,Idaho,21,ROOT-NW RM FSN-SD,,
636,11,Nov 8 2014,3:30 PM,Sat,Texas,33,,(24) West Virginia,16,FS1,,
637,11,Nov 8 2014,3:30 PM,Sat,Texas A&M,41,@,(3) Auburn,38,CBS,,
638,11,Nov 8 2014,7:30 PM,Sat,(6) Texas Christian,41,,(9) Kansas State,20,FOX,,
639,11,Nov 8 2014,3:00 PM,Sat,Troy,45,,Georgia State,21,ESPN3.com,,
640,11,Nov 8 2014,3:30 PM,Sat,Tulane,31,@,Houston,24,ESPN U,,
641,11,Nov 8 2014,12:00 PM,Sat,Tulsa,38,,Southern Methodist,28,CBSSN,,
642,11,Nov 8 2014,7:00 PM,Sat,(18) UCLA,44,@,Washington,30,FS1,,
643,11,Nov 8 2014,4:00 PM,Sat,Washington State,39,@,Oregon State,32,Pac-12 Network,,
644,11,Nov 8 2014,4:00 PM,Sat,Western Kentucky,35,,Texas-El Paso,27,WKUSports.tv,,
645,11,Nov 8 2014,12:00 PM,Sat,(25) Wisconsin,34,@,Purdue,16,ESPN U,,
Rk,Wk,Date,Time,Day,Winner/Tie,Pts,,Loser/Tie,Pts,TV,Notes,
646,12,Nov 11 2014,8:00 PM,Tue,Buffalo,55,,Akron,24,ESPN U,,
647,12,Nov 11 2014,8:00 PM,Tue,Northern Illinois,27,,Toledo,24,ESPN 2,,
648,12,Nov 12 2014,8:00 PM,Wed,Bowling Green State,30,,Kent State,20,ESPN 2,,
649,12,Nov 12 2014,8:00 PM,Wed,Massachusetts,24,,Ball State,10,ESPN U,,
650,12,Nov 13 2014,7:00 PM,Thu,Cincinnati,54,,East Carolina,46,ESPN 2,Paul Brown Stadium - Cincinnati OH,
651,12,Nov 13 2014,9:00 PM,Thu,Southern California,38,,California,30,ESPN,,
652,12,Nov 13 2014,8:00 PM,Thu,Texas-San Antonio,12,,Southern Mississippi,10,CBSSN,,
653,12,Nov 14 2014,8:00 PM,Fri,Central Florida,31,,Tulsa,7,ESPN 2,,
654,12,Nov 15 2014,2:00 PM,Sat,Air Force,45,,Nevada,38,ROOT-RM,,
655,12,Nov 15 2014,3:30 PM,Sat,(4) Alabama,25,,(1) Mississippi State,20,CBS,,
656,12,Nov 15 2014,3:00 PM,Sat,Appalachian State,37,@,Arkansas State,32,ESPN3.com,,
657,12,Nov 15 2014,3:30 PM,Sat,(17) Arizona,27,,Washington,26,FOX,,
658,12,Nov 15 2014,8:00 PM,Sat,Arkansas,17,,(20) Louisiana State,0,ESPN 2,,
659,12,Nov 15 2014,10:15 PM,Sat,Boise State,38,,San Diego State,29,ESPN U,,
660,12,Nov 15 2014,7:00 PM,Sat,Brigham Young,42,,Nevada-Las Vegas,23,ESPN U,,
661,12,Nov 15 2014,1:00 PM,Sat,Central Michigan,34,,Miami (OH),27,ESPN3.com,,
662,12,Nov 15 2014,3:30 PM,Sat,Florida International,38,,Middle Tennessee State,28,ASN CSN-CHI (JIP),,
663,12,Nov 15 2014,8:00 PM,Sat,(2) Florida State,30,@,Miami (FL),26,ABC,,
664,12,Nov 15 2014,7:15 PM,Sat,(16) Georgia,34,,(9) Auburn,7,ESPN,,
665,12,Nov 15 2014,12:00 PM,Sat,(24) Georgia Tech,28,,(18) Clemson,6,ESPN,,
666,12,Nov 15 2014,4:30 PM,Sat,Hawaii,13,@,San Jose State,0,Oceanic PPV,,
667,12,Nov 15 2014,12:00 PM,Sat,Iowa,30,@,Illinois,14,Big Ten Network,,
668,12,Nov 15 2014,7:00 PM,Sat,Louisiana-Lafayette,34,@,Louisiana-Monroe,27,SBC Network ESPN3.com,,
669,12,Nov 15 2014,2:30 PM,Sat,(21) Marshall,41,,Rice,14,FSN MSG+ ROOT-PITT,,
670,12,Nov 15 2014,3:30 PM,Sat,Memphis,38,@,Tulane,7,ESPN U,,
671,12,Nov 15 2014,8:00 PM,Sat,(12) Michigan State,37,@,Maryland,15,Big Ten Network,,
672,12,Nov 15 2014,7:30 PM,Sat,Missouri,34,@,Texas A&M,27,SEC Network,,
673,12,Nov 15 2014,3:30 PM,Sat,Navy,52,,Georgia Southern,19,CBSSN,,
674,12,Nov 15 2014,12:30 PM,Sat,North Carolina,40,,Pittsburgh,35,ACC Network,,
675,12,Nov 15 2014,3:00 PM,Sat,North Carolina State,42,,Wake Forest,13,RSN SportsTime Ohio YES,,
676,12,Nov 15 2014,3:30 PM,Sat,Northwestern,43,@,(15) Notre Dame,40,NBC,,
677,12,Nov 15 2014,12:00 PM,Sat,(8) Ohio State,31,@,Minnesota,24,ABC,,
678,12,Nov 15 2014,3:30 PM,Sat,Oklahoma,42,@,Texas Tech,30,ESPN,,
679,12,Nov 15 2014,10:45 PM,Sat,Oregon State,35,,(7) Arizona State,27,ESPN,,
680,12,Nov 15 2014,12:00 PM,Sat,Penn State,30,,Temple,13,ESPN 2,,
681,12,Nov 15 2014,3:30 PM,Sat,Rutgers,45,,Indiana,23,Big Ten Network,,
682,12,Nov 15 2014,7:30 PM,Sat,South Alabama,24,,Texas State,20,ESPN3.com,,
683,12,Nov 15 2014,12:00 PM,Sat,South Carolina,23,@,Florida,20,SEC Network,,
684,12,Nov 15 2014,8:00 PM,Sat,South Florida,14,@,Southern Methodist,13,CBSSN,,
685,12,Nov 15 2014,4:00 PM,Sat,Tennessee,50,,Kentucky,16,SEC Network,,
686,12,Nov 15 2014,7:30 PM,Sat,Texas,28,@,Oklahoma State,7,FOX,,
687,12,Nov 15 2014,3:00 PM,Sat,(5) Texas Christian,34,@,Kansas,30,FS1,,
688,12,Nov 15 2014,10:00 PM,Sat,Texas-El Paso,35,,North Texas,17,FS1,,
689,12,Nov 15 2014,5:00 PM,Sat,Troy,34,@,Idaho,17,ESPN3.com,,
690,12,Nov 15 2014,6:00 PM,Sat,(25) Utah,20,@,Stanford,17,Pac-12 Network,,
691,12,Nov 15 2014,4:00 PM,Sat,Utah State,28,,New Mexico,21,ESPNews,,
692,12,Nov 15 2014,12:00 PM,Sat,Virginia Tech,17,@,(19) Duke,16,ESPN U,,
693,12,Nov 15 2014,12:00 PM,Sat,Western Kentucky,52,,Army,24,CBSSN,,
694,12,Nov 15 2014,2:00 PM,Sat,Western Michigan,51,,Eastern Michigan,7,ESPN3.com,,
695,12,Nov 15 2014,3:30 PM,Sat,(22) Wisconsin,59,,(11) Nebraska,24,ABC,,
Rk,Wk,Date,Time,Day,Winner/Tie,Pts,,Loser/Tie,Pts,TV,Notes,
696,13,Nov 18 2014,7:00 PM,Tue,Akron,30,,Massachusetts,6,ESPN3.com,,
697,13,Nov 18 2014,8:00 PM,Tue,Northern Illinois,21,@,Ohio,14,ESPN U,,
698,13,Nov 19 2014,8:00 PM,Wed,Kent State,,@,Buffalo,,ESPN U,,
699,13,Nov 19 2014,8:00 PM,Wed,Toledo,27,,Bowling Green State,20,ESPN 2,,
700,13,Nov 20 2014,7:00 PM,Thu,(12) Kansas State,26,@,West Virginia,20,FS1,,
701,13,Nov 20 2014,7:30 PM,Thu,North Carolina,45,@,(25) Duke,20,ESPN,,
702,13,Nov 20 2014,9:30 PM,Thu,Texas State,45,,Arkansas State,27,ESPN U,,
703,13,Nov 21 2014,1:00 PM,Fri,Kent State,,@,Buffalo,,,,
704,13,Nov 21 2014,8:00 PM,Fri,Rice,31,,Texas-El Paso,13,FS1,,
705,13,Nov 21 2014,9:30 PM,Fri,San Diego State,30,,Air Force,14,CBSSN,,
706,13,Nov 21 2014,9:30 PM,Fri,Utah State,41,,San Jose State,7,ESPN 2,,
707,13,Nov 22 2014,4:00 PM,Sat,(2) Alabama,48,,Western Carolina,14,SEC Network,,
708,13,Nov 22 2014,2:00 PM,Sat,Appalachian State,35,@,Louisiana-Lafayette,16,ESPN3.com,,
709,13,Nov 22 2014,3:30 PM,Sat,(15) Arizona,42,@,(20) Utah,10,ESPN,,
710,13,Nov 22 2014,1:00 PM,Sat,(13) Arizona State,52,,Washington State,31,Pac-12 Network,,
711,13,Nov 22 2014,3:30 PM,Sat,Arkansas,30,,(8) Mississippi,0,CBS,,
712,13,Nov 22 2014,12:00 PM,Sat,Army,42,,Fordham,31,CBSSN,,
713,13,Nov 22 2014,7:00 PM,Sat,(16) Auburn,31,,Samford,7,ESPN U,,
714,13,Nov 22 2014,2:00 PM,Sat,Ball State,45,,Eastern Michigan,30,ESPN3.com,,
715,13,Nov 22 2014,7:30 PM,Sat,(6) Baylor,49,,Oklahoma State,28,FOX,,
716,13,Nov 22 2014,10:15 PM,Sat,Boise State,63,@,Wyoming,14,ESPN 2,,
717,13,Nov 22 2014,3:00 PM,Sat,Brigham Young,64,,Savannah State,0,BYUtv,,
718,13,Nov 22 2014,12:00 PM,Sat,Central Florida,53,,Southern Methodist,7,ESPNews,,
719,13,Nov 22 2014,8:00 PM,Sat,Cincinnati,41,@,Connecticut,0,CBSSN,,
720,13,Nov 22 2014,3:30 PM,Sat,Clemson,28,,Georgia State,0,RSN ESPN3.com CSN-BAL,,
721,13,Nov 22 2014,1:30 PM,Sat,(22) Colorado State,58,,New Mexico,20,ROOT-NW RM,,
722,13,Nov 22 2014,3:30 PM,Sat,East Carolina,34,,Tulane,6,ESPN3.com,,
723,13,Nov 22 2014,12:00 PM,Sat,Florida,52,,Eastern Kentucky,3,SEC Network,,
724,13,Nov 22 2014,3:30 PM,Sat,(1) Florida State,20,,Boston College,17,ABC (ESPN 2 mirror),,
725,13,Nov 22 2014,10:30 PM,Sat,Fresno State,40,@,Nevada,20,ESPN U,,
726,13,Nov 22 2014,12:00 PM,Sat,(9) Georgia,55,,Charleston Southern,9,SEC Network,,
727,13,Nov 22 2014,11:00 PM,Sat,Hawaii,37,,Nevada-Las Vegas,35,Mountain West Oceanic,,
728,13,Nov 22 2014,12:00 PM,Sat,Houston,38,,Tulsa,28,ESPN3.com,,
729,13,Nov 22 2014,12:00 PM,Sat,Illinois,16,,Penn State,14,ESPN 2,,
730,13,Nov 22 2014,4:00 PM,Sat,Louisiana-Monroe,30,@,New Mexico State,17,Altitude ESPN3.com,,
731,13,Nov 22 2014,3:30 PM,Sat,Louisville,31,@,Notre Dame,28,NBC,,
732,13,Nov 22 2014,12:00 PM,Sat,(18) Marshall,23,@,Alabama-Birmingham,18,American Sports Network,,
733,13,Nov 22 2014,3:30 PM,Sat,Maryland,23,@,Michigan,16,Big Ten Network,,
734,13,Nov 22 2014,4:00 PM,Sat,Memphis,31,,South Florida,20,ESPNews,,
735,13,Nov 22 2014,12:00 PM,Sat,(10) Michigan State,45,,Rutgers,3,Big Ten Network,,
736,13,Nov 22 2014,7:00 PM,Sat,Middle Tennessee State,35,,Florida Atlantic,34,ASN CSN-CHI,,
737,13,Nov 22 2014,12:00 PM,Sat,Minnesota,28,@,(21) Nebraska,24,ESPN,,
738,13,Nov 22 2014,7:30 PM,Sat,(4) Mississippi State,51,,Vanderbilt,0,SEC Network,,
739,13,Nov 22 2014,7:30 PM,Sat,(19) Missouri,29,@,Tennessee,21,ESPN,,
740,13,Nov 22 2014,3:30 PM,Sat,North Texas,17,,Florida International,14,American Sports Network,,
741,13,Nov 22 2014,12:00 PM,Sat,Northwestern,38,@,Purdue,14,ESPN U,,
742,13,Nov 22 2014,12:00 PM,Sat,(7) Ohio State,42,,Indiana,27,Big Ten Network,,
743,13,Nov 22 2014,12:00 PM,Sat,(23) Oklahoma,44,,Kansas,7,FS1,,
744,13,Nov 22 2014,1:00 PM,Sat,Old Dominion,30,,Louisiana Tech,27,FCS,,
745,13,Nov 22 2014,4:30 PM,Sat,(3) Oregon,44,,Colorado,10,Pac-12 Network,,
746,13,Nov 22 2014,3:30 PM,Sat,Pittsburgh,30,,Syracuse,7,ESPN U,,
747,13,Nov 22 2014,12:00 PM,Sat,South Carolina,37,,South Alabama,12,FSN,,
748,13,Nov 22 2014,4:00 PM,Sat,Stanford,38,@,California,17,FS1,,
749,13,Nov 22 2014,3:30 PM,Sat,Texas Tech,34,@,Iowa State,31,FSN,,
750,13,Nov 22 2014,8:00 PM,Sat,(11) UCLA,38,,(24) Southern California,20,ABC,,
751,13,Nov 22 2014,7:00 PM,Sat,Virginia,30,,Miami (FL),13,ESPN 2,,
752,13,Nov 22 2014,12:30 PM,Sat,Wake Forest,6,,Virginia Tech,3,ACC Network,,
753,13,Nov 22 2014,10:30 PM,Sat,Washington,37,,Oregon State,13,Pac-12 Network,,
754,13,Nov 22 2014,12:00 PM,Sat,Western Kentucky,45,,Texas-San Antonio,7,FSN MSG+,,
755,13,Nov 22 2014,1:00 PM,Sat,Western Michigan,32,@,Central Michigan,20,ESPN3.com,,
756,13,Nov 22 2014,3:30 PM,Sat,(14) Wisconsin,26,@,Iowa,24,ABC (ESPN 2 mirror),,
Rk,Wk,Date,Time,Day,Winner/Tie,Pts,,Loser/Tie,Pts,TV,Notes,
757,14,Nov 25 2014,7:00 PM,Tue,Ohio,24,@,Miami (OH),21,ESPN 2,,
758,14,Nov 27 2014,7:30 PM,Thu,Louisiana State,23,@,Texas A&M,17,ESPN,,
759,14,Nov 27 2014,7:30 PM,Thu,(6) Texas Christian,48,@,Texas,10,FS1,,
760,14,Nov 28 2014,3:30 PM,Fri,Air Force,27,,(21) Colorado State,24,CBSSN,,
761,14,Nov 28 2014,3:30 PM,Fri,(12) Arizona,42,,(13) Arizona State,35,FOX,,
762,14,Nov 28 2014,1:00 PM,Fri,Ball State,41,@,Bowling Green State,24,ESPN3.com,,
763,14,Nov 28 2014,1:00 PM,Fri,Buffalo,41,@,Massachusetts,21,ESPN3.com,,
764,14,Nov 28 2014,12:00 PM,Fri,Central Florida,16,@,South Florida,0,ESPN 2,,
765,14,Nov 28 2014,8:30 PM,Fri,East Carolina,49,@,Tulsa,32,ESPN U,,
766,14,Nov 28 2014,12:00 PM,Fri,Houston,35,@,Southern Methodist,9,CBSSN,,
767,14,Nov 28 2014,1:00 PM,Fri,Kent State,27,,Akron,24,ESPN3.com,,
768,14,Nov 28 2014,2:30 PM,Fri,(17) Missouri,21,,Arkansas,14,CBS,,
769,14,Nov 28 2014,3:00 PM,Fri,Navy,42,@,South Alabama,40,ESPN3.com,,
770,14,Nov 28 2014,12:00 PM,Fri,Nebraska,37,@,Iowa,34,ABC,,
771,14,Nov 28 2014,11:00 AM,Fri,Northern Illinois,31,@,Western Michigan,21,ESPN U,,
772,14,Nov 28 2014,3:30 PM,Fri,Stanford,31,@,(9) UCLA,10,ABC,,
773,14,Nov 28 2014,1:00 PM,Fri,Toledo,52,@,Eastern Michigan,16,ESPN3.com,,
774,14,Nov 28 2014,8:00 PM,Fri,Virginia Tech,24,,Virginia,20,ESPN,,
775,14,Nov 28 2014,12:00 PM,Fri,Western Kentucky,67,@,(19) Marshall,66,FS1,,
776,14,Nov 29 2014,7:45 PM,Sat,(2) Alabama,55,,(15) Auburn,44,ESPN,,
777,14,Nov 29 2014,3:30 PM,Sat,Alabama-Birmingham,45,@,Southern Mississippi,24,ASN CSN-CA,,
778,14,Nov 29 2014,2:00 PM,Sat,Appalachian State,45,,Idaho,28,ESPN3.com,,
779,14,Nov 29 2014,3:00 PM,Sat,Arkansas State,68,,New Mexico State,35,ESPN3.com,,
780,14,Nov 29 2014,3:30 PM,Sat,(5) Baylor,48,,Texas Tech,46,ABC (ESPN 2 mirror),AT&T Stadium - Arlington TX,
781,14,Nov 29 2014,10:15 PM,Sat,(25) Boise State,50,,Utah State,19,ESPN 2,,
782,14,Nov 29 2014,12:30 PM,Sat,Boston College,28,,Syracuse,7,CSN YES STO FS-SD PT,,
783,14,Nov 29 2014,4:30 PM,Sat,Brigham Young,42,@,California,35,Pac-12 Network,,
784,14,Nov 29 2014,12:00 PM,Sat,Cincinnati,14,@,Temple,6,ESPNews,,
785,14,Nov 29 2014,12:00 PM,Sat,(23) Clemson,35,,South Carolina,17,ESPN,,
786,14,Nov 29 2014,7:00 PM,Sat,Duke,41,,Wake Forest,21,ESPN U,,
787,14,Nov 29 2014,3:30 PM,Sat,(1) Florida State,24,,Florida,19,ESPN,,
788,14,Nov 29 2014,7:00 PM,Sat,Fresno State,28,,Hawaii,21,Mountain West Network,,
789,14,Nov 29 2014,6:00 PM,Sat,Georgia Southern,22,,Louisiana-Monroe,16,ESPN3.com,,
790,14,Nov 29 2014,12:00 PM,Sat,(16) Georgia Tech,30,@,(8) Georgia,24,SEC Network,,
791,14,Nov 29 2014,12:00 PM,Sat,Illinois,47,@,Northwestern,33,ESPN U,,
792,14,Nov 29 2014,12:00 PM,Sat,Indiana,23,,Purdue,16,Big Ten Network,,
793,14,Nov 29 2014,4:00 PM,Sat,(11) Kansas State,51,,Kansas,13,FS1,,
794,14,Nov 29 2014,12:00 PM,Sat,Louisiana Tech,76,,Rice,31,CBSSN,,
795,14,Nov 29 2014,12:30 PM,Sat,Louisiana-Lafayette,42,@,Troy,23,ESPN3.com,,
796,14,Nov 29 2014,12:00 PM,Sat,(24) Louisville,44,,Kentucky,40,ESPN 2,,
797,14,Nov 29 2014,4:00 PM,Sat,Memphis,41,,Connecticut,10,ESPNews,,
798,14,Nov 29 2014,3:30 PM,Sat,(10) Michigan State,34,@,Penn State,10,ABC (ESPN 2 mirror),,
799,14,Nov 29 2014,3:30 PM,Sat,(18) Mississippi,31,,(4) Mississippi State,17,CBS,,
800,14,Nov 29 2014,10:30 PM,Sat,Nevada,49,@,Nevada-Las Vegas,27,ESPN U,,
801,14,Nov 29 2014,3:00 PM,Sat,New Mexico,36,,Wyoming,30,ROOT-NW RM SW,,
802,14,Nov 29 2014,12:30 PM,Sat,North Carolina State,35,@,North Carolina,7,ACC Network,,
803,14,Nov 29 2014,12:00 PM,Sat,(7) Ohio State,42,,Michigan,28,ABC,,
804,14,Nov 29 2014,12:00 PM,Sat,Old Dominion,31,@,Florida Atlantic,28,MyTVZ33 Sinclair,,
805,14,Nov 29 2014,8:00 PM,Sat,(3) Oregon,47,@,Oregon State,19,ABC,,
806,14,Nov 29 2014,7:00 PM,Sat,Pittsburgh,35,@,Miami (FL),23,ESPN 2,,
807,14,Nov 29 2014,3:30 PM,Sat,Rutgers,41,@,Maryland,38,ESPN U,,
808,14,Nov 29 2014,3:30 PM,Sat,San Diego State,38,,San Jose State,7,CBSSN,,
809,14,Nov 29 2014,3:30 PM,Sat,Southern California,49,,Notre Dame,14,FOX,,
810,14,Nov 29 2014,4:00 PM,Sat,Tennessee,24,@,Vanderbilt,17,SEC Network,,
811,14,Nov 29 2014,2:00 PM,Sat,Texas State,54,@,Georgia State,31,ESPN3.com,,
812,14,Nov 29 2014,7:00 PM,Sat,Texas-El Paso,24,,Middle Tennessee State,21,ASN CSN-CA,,
813,14,Nov 29 2014,12:00 PM,Sat,Texas-San Antonio,34,,North Texas,27,FSN-SW MW W MSG+,,
814,14,Nov 29 2014,1:00 PM,Sat,Utah,38,@,Colorado,34,Pac-12 Network,,
815,14,Nov 29 2014,10:30 PM,Sat,Washington,31,@,Washington State,13,FS1,,
816,14,Nov 29 2014,12:00 PM,Sat,West Virginia,37,@,Iowa State,24,FS1,,
817,14,Nov 29 2014,3:30 PM,Sat,(14) Wisconsin,34,,(22) Minnesota,24,Big Ten Network,,
Rk,Wk,Date,Time,Day,Winner/Tie,Pts,,Loser/Tie,Pts,TV,Notes,
818,15,Dec 4 2014,7:30 PM,Thu,Central Florida,32,@,East Carolina,30,ESPN,,
819,15,Dec 5 2014,7:00 PM,Fri,Northern Illinois,51,,Bowling Green State,17,ESPN 2,Mid-American Championship - Ford Field - Detroit MI,
820,15,Dec 5 2014,9:00 PM,Fri,(3) Oregon,51,,(8) Arizona,13,FOX,Pac-12 Championship - Levi`s Stadium - Santa Clara CA,
821,15,Dec 6 2014,4:00 PM,Sat,(1) Alabama,42,,(14) Missouri,13,CBS,SEC Championship - Georgia Dome - Atlanta GA,
822,15,Dec 6 2014,7:45 PM,Sat,(5) Baylor,38,,(9) Kansas State,27,ESPN,,
823,15,Dec 6 2014,10:00 PM,Sat,(22) Boise State,28,,Fresno State,14,CBS,,
824,15,Dec 6 2014,12:00 PM,Sat,Cincinnati,38,,Houston,31,ESPN,Paul Brown Stadium - Cincinnati OH,
825,15,Dec 6 2014,8:00 PM,Sat,(2) Florida State,37,,(12) Georgia Tech,35,ABC,ACC Championship - Bank of America Stadium - Charlotte NC,
826,15,Dec 6 2014,12:00 PM,Sat,Marshall,26,,Louisiana Tech,23,ESPN 2,,
827,15,Dec 6 2014,8:17 PM,Sat,(6) Ohio State,59,,(11) Wisconsin,0,FOX,Big Ten Championship - Lucas Oil Stadium - Indianapolis IN,
828,15,Dec 6 2014,3:30 PM,Sat,Oklahoma State,38,@,(18) Oklahoma,35,FS1,,
829,15,Dec 6 2014,12:00 PM,Sat,Southern Methodist,27,@,Connecticut,20,CBSSN,,
830,15,Dec 6 2014,7:30 PM,Sat,Temple,10,@,Tulane,3,ESPN 2,,
831,15,Dec 6 2014,12:00 PM,Sat,(4) Texas Christian,55,,Iowa State,3,ABC,,
Rk,Wk,Date,Time,Day,Winner/Tie,Pts,,Loser/Tie,Pts,TV,Notes,
832,16,Dec 13 2014,3:00 PM,Sat,Navy,17,,Army,10,CBS,M&T Bank Stadium - Baltimore MD,
Rk,Wk,Date,Time,Day,Winner/Tie,Pts,,Loser/Tie,Pts,TV,Notes,
833,17,Dec 20 2014,5:45 PM,Sat,Air Force,38,,Western Michigan,24,ESPN,Famous Idaho Potato Bowl - Bronco Stadium Boise ID,
834,17,Dec 20 2014,9:15 PM,Sat,Bowling Green State,33,,South Alabama,28,ESPN,Raycom Media Camellia Bowl - Cramton Bowl Montgomery AL,
835,17,Dec 20 2014,11:00 AM,Sat,Louisiana-Lafayette,16,,Nevada,3,ESPN,R+L Carriers New Orleans Bowl - Mercedes-Benz Superdome New Orleans LA,
836,17,Dec 20 2014,3:30 PM,Sat,(21) Utah,45,,Colorado State,10,ABC,Royal Purple Las Vegas Bowl - Sam Boyd Stadium Las Vegas NV,
837,17,Dec 20 2014,2:20 PM,Sat,Utah State,21,,Texas-El Paso,6,ESPN,Gildan New Mexico Bowl - University Stadium Albuquerque NM,
838,17,Dec 22 2014,2:00 PM,Mon,(25) Memphis,55,,Brigham Young,48,ESPN,Miami Beach Bowl - Marlins Park - Miami FL,
Rk,Wk,Date,Time,Day,Winner/Tie,Pts,,Loser/Tie,Pts,TV,Notes,
839,18,Dec 23 2014,6:00 PM,Tue,(23) Marshall,52,,Northern Illinois,23,ESPN,Boca Raton Bowl - FAU Stadium - Boca Raton FL,
840,18,Dec 23 2014,9:30 PM,Tue,Navy,17,,San Diego State,16,ESPN,San Diego County Credit Union Poinsettia Bowl - Qualcomm Stadium San Diego CA,
841,18,Dec 24 2014,8:00 PM,Wed,Rice,30,,Fresno State,6,ESPN,Hawaii Bowl - Hawaiian Airlines Field at Aloha Stadium Honolulu HI,
842,18,Dec 24 2014,12:00 PM,Wed,Western Kentucky,49,,Central Michigan,48,ESPN,Popeyes Bahamas Bowl - Thomas Robinson National Stadium - Nassau Bahamas,
843,18,Dec 26 2014,1:00 PM,Fri,Louisiana Tech,35,,Illinois,18,ESPN,Zaxby`s Heart of Dallas Bowl - Cotton Bowl - Dallas TX,
844,18,Dec 26 2014,8:00 PM,Fri,North Carolina State,34,,Central Florida,27,ESPN,Bitcoin St. Petersburg Bowl - Tropicana Field St. Petersburg FL,
845,18,Dec 26 2014,4:30 PM,Fri,Rutgers,40,,North Carolina,21,ESPN,Quick Lane Bowl - Ford Field Detroit MI,
846,18,Dec 27 2014,2:10 PM,Sat,(12) Arizona State,36,,Duke,31,CBS,Hyundai Sun Bowl - Sun Bowl Stadium El Paso TX,
847,18,Dec 27 2014,4:30 PM,Sat,Penn State,31,,Boston College,30,ESPN,New Era Pinstripe Bowl - Yankee Stadium Bronx New York,
848,18,Dec 27 2014,3:30 PM,Sat,South Carolina,24,,Miami (FL),21,ABC,Duck Commander Independence Bowl - Independence Stadium Shreveport LA,
849,18,Dec 27 2014,8:00 PM,Sat,(20) Southern California,45,,Nebraska,42,ESPN,National University Holiday Bowl - Qualcomm Stadium San Diego CA,
850,18,Dec 27 2014,1:00 PM,Sat,Virginia Tech,33,,Cincinnati,17,ESPN,Military Bowl - Navy-Marine Corps Memorial Stadium Annapolis MD,
Rk,Wk,Date,Time,Day,Winner/Tie,Pts,,Loser/Tie,Pts,TV,Notes,
851,19,Dec 29 2014,9:00 PM,Mon,Arkansas,31,,Texas,7,ESPN,Advocare V100 Texas Bowl - NRG Stadium Houston TX,
852,19,Dec 29 2014,5:30 PM,Mon,(15) Clemson,40,,Oklahoma,6,ESPN,Russell Athletic Bowl - Florida Citrus Bowl - Orlando FL,
853,19,Dec 29 2014,2:00 PM,Mon,Texas A&M,45,,West Virginia,37,ESPN,AutoZone Liberty Bowl - Liberty Bowl Memorial Stadium Memphis TN,
Rk,Wk,Date,Time,Day,Winner/Tie,Pts,,Loser/Tie,Pts,TV,Notes,
854,20,Dec 30 2014,6:45 PM,Tue,(9) Georgia,37,,(24) Louisville,14,ESPN,Belk Bowl - Bank of America Stadium Charlotte NC,
855,20,Dec 30 2014,3:00 PM,Tue,Notre Dame,31,,Louisiana State,28,ESPN,Franklin American Mortgage Music City Bowl - LP Field Nashville TN,
856,20,Dec 30 2014,10:00 PM,Tue,Stanford,45,,Maryland,21,ESPN,Foster Farms Bowl - Levi`s Stadium Santa Clara CA,
857,20,Dec 31 2014,4:00 PM,Wed,(16) Boise State,38,,(19) Arizona,30,ESPN,Fiesta Bowl - University of Phoenix Stadium - Glendale AZ,
858,20,Dec 31 2014,8:00 PM,Wed,(8) Georgia Tech,49,,(11) Mississippi State,34,ESPN,Orange Bowl - Sun Life Stadium - Miami Gardens FL,
859,20,Dec 31 2014,12:30 PM,Wed,(3) Texas Christian,42,,(17) Mississippi,3,ESPN,Chick-fil-A Peach Bowl - Georgia Dome - Atlanta GA,
860,20,Jan 1 2015,12:30 PM,Thu,(5) Michigan State,42,,(7) Baylor,41,ESPN,Goodyear Cotton Bowl Classic - AT&T Stadium - Arlington TX,
861,20,Jan 1 2015,1:00 PM,Thu,(14) Missouri,33,,Minnesota,17,ABC,Buffalo Wild Wings Citrus Bowl - Florida Citrus Bowl - Orlando FL,
862,20,Jan 1 2015,9:00 PM,Thu,(1) Ohio State,42,,(4) Alabama,35,ESPN,Allstate Sugar Bowl - Mercedes-Benz Superdome - New Orleans LA,
863,20,Jan 1 2015,5:00 PM,Thu,(2) Oregon,59,,(5) Florida State,20,ESPN,Rose Bowl - Rose Bowl - Pasadena CA,
864,20,Jan 1 2015,12:00 PM,Thu,(13) Wisconsin,34,,(22) Auburn,31,ESPN 2,Outback Bowl - Raymond James Stadium Tampa FL,
865,20,Jan 2 2015,12:00 PM,Fri,Houston,35,,Pittsburgh,34,ESPN,Lockheed Martin Armed Forces Bowl - Amon G. Carter Stadium Fort Worth TX,
866,20,Jan 2 2015,10:15 PM,Fri,Oklahoma State,30,,Washington,22,ESPN,TicketCity Cactus Bowl - Sun Devil Stadium Tempe AZ,
867,20,Jan 2 2015,3:20 PM,Fri,Tennessee,45,,Iowa,28,ESPN,TaxSlayer Bowl - EverBank Field Jacksonville FL,
868,20,Jan 2 2015,6:45 PM,Fri,(10) UCLA,40,,(18) Kansas State,35,ESPN,Valero Alamo Bowl - Alamodome San Antonio TX,
869,20,Jan 3 2015,12:00 PM,Sat,Florida,28,,East Carolina,20,ESPN,Birmingham Bowl - Legion Field Birmingham AL,
870,20,Jan 4 2015,9:00 PM,Sun,Toledo,63,,Arkansas State,44,ESPN,GoDaddy Bowl - Ladd-Peebles Stadium Mobile AL,
Rk,Wk,Date,Time,Day,Winner/Tie,Pts,,Loser/Tie,Pts,TV,Notes,
871,21,Jan 12 2015,8:30 PM,Mon,(1) Ohio State,42,,(2) Oregon,20,ESPN,College Football Championship - AT&T Stadium - Arlington TX,